benchmark,group_type,base_accuracy_bin,accuracy_change,problem_count,total_problem_count,k,delta_pass_at_k_pp,shown_in_figure
AIME2024,accuracy_bin_and_direction,"[0,.01]",Acc_up,1,30,1,0.013020833333333334,true
AIME2024,accuracy_bin_and_direction,"[0,.01]",Acc_up,1,30,2,0.026003482404692118,true
AIME2024,accuracy_bin_and_direction,"[0,.01]",Acc_up,1,30,4,0.051854526586630666,true
AIME2024,accuracy_bin_and_direction,"[0,.01]",Acc_up,1,30,8,0.1031016867848981,true
AIME2024,accuracy_bin_and_direction,"[0,.01]",Acc_up,1,30,16,0.20379293446142124,true
AIME2024,accuracy_bin_and_direction,"[0,.01]",Acc_up,1,30,32,0.39809527483192186,true
AIME2024,accuracy_bin_and_direction,"[0,.01]",Acc_up,1,30,64,0.75942068455208345,true
AIME2024,accuracy_bin_and_direction,"[0,.01]",Acc_up,1,30,128,1.3810333988530659,true
AIME2024,accuracy_bin_and_direction,"[0,.01]",Acc_up,1,30,256,2.2807092411582395,true
AIME2024,accuracy_bin_and_direction,"[0,.01]",Acc_up,1,30,512,3.1262212980010204,true
AIME2024,accuracy_bin_and_direction,"[0,.01]",Acc_up,1,30,1024,3.3333333333333335,true
AIME2024,accuracy_bin_and_direction,"[0,.01]",Acc_down,8,30,1,-0.048828125,true
AIME2024,accuracy_bin_and_direction,"[0,.01]",Acc_down,8,30,2,-0.097560789345063625,true
AIME2024,accuracy_bin_and_direction,"[0,.01]",Acc_down,8,30,4,-0.19474025906927597,true
AIME2024,accuracy_bin_and_direction,"[0,.01]",Acc_down,8,30,8,-0.38795941954778979,true
AIME2024,accuracy_bin_and_direction,"[0,.01]",Acc_down,8,30,16,-0.76986781829757345,true
AIME2024,accuracy_bin_and_direction,"[0,.01]",Acc_down,8,30,32,-1.5157974927053721,true
AIME2024,accuracy_bin_and_direction,"[0,.01]",Acc_down,8,30,64,-2.9379531367809566,true
AIME2024,accuracy_bin_and_direction,"[0,.01]",Acc_down,8,30,128,-5.5179560946577766,true
AIME2024,accuracy_bin_and_direction,"[0,.01]",Acc_down,8,30,256,-9.7327516015081574,true
AIME2024,accuracy_bin_and_direction,"[0,.01]",Acc_down,8,30,512,-15.213220320483915,true
AIME2024,accuracy_bin_and_direction,"[0,.01]",Acc_down,8,30,1024,-20,true
AIME2024,accuracy_bin_and_direction,"(.01,.1]",Acc_up,4,30,1,3.30078125,true
AIME2024,accuracy_bin_and_direction,"(.01,.1]",Acc_up,4,30,2,4.8799932286575425,true
AIME2024,accuracy_bin_and_direction,"(.01,.1]",Acc_up,4,30,4,6.2132242246201592,true
AIME2024,accuracy_bin_and_direction,"(.01,.1]",Acc_up,4,30,8,6.8934822754171261,true
AIME2024,accuracy_bin_and_direction,"(.01,.1]",Acc_up,4,30,16,6.6332627145164986,true
AIME2024,accuracy_bin_and_direction,"(.01,.1]",Acc_up,4,30,32,5.1907704652133946,true
AIME2024,accuracy_bin_and_direction,"(.01,.1]",Acc_up,4,30,64,2.8048714270192567,true
AIME2024,accuracy_bin_and_direction,"(.01,.1]",Acc_up,4,30,128,0.75346583568748871,true
AIME2024,accuracy_bin_and_direction,"(.01,.1]",Acc_up,4,30,256,0.045018299545140174,true
AIME2024,accuracy_bin_and_direction,"(.01,.1]",Acc_up,4,30,512,4.7077018882069055e-05,true
AIME2024,accuracy_bin_and_direction,"(.01,.1]",Acc_up,4,30,1024,0,true
AIME2024,accuracy_bin_and_direction,"(.01,.1]",Acc_down,3,30,1,-0.22786458333333334,true
AIME2024,accuracy_bin_and_direction,"(.01,.1]",Acc_down,3,30,2,-0.43090303233952432,true
AIME2024,accuracy_bin_and_direction,"(.01,.1]",Acc_down,3,30,4,-0.77227859253216435,true
AIME2024,accuracy_bin_and_direction,"(.01,.1]",Acc_down,3,30,8,-1.2525466309679476,true
AIME2024,accuracy_bin_and_direction,"(.01,.1]",Acc_down,3,30,16,-1.7181299570820268,true
AIME2024,accuracy_bin_and_direction,"(.01,.1]",Acc_down,3,30,32,-1.9270058267898436,true
AIME2024,accuracy_bin_and_direction,"(.01,.1]",Acc_down,3,30,64,-2.0954042944129752,true
AIME2024,accuracy_bin_and_direction,"(.01,.1]",Acc_down,3,30,128,-2.5511530171066181,true
AIME2024,accuracy_bin_and_direction,"(.01,.1]",Acc_down,3,30,256,-2.5541679930857502,true
AIME2024,accuracy_bin_and_direction,"(.01,.1]",Acc_down,3,30,512,-1.6762504649452004,true
AIME2024,accuracy_bin_and_direction,"(.01,.1]",Acc_down,3,30,1024,0,true
AIME2024,accuracy_bin_and_direction,"(.1,.5]",Acc_up,3,30,1,3.5481770833333335,true
AIME2024,accuracy_bin_and_direction,"(.1,.5]",Acc_up,3,30,2,4.7392969513685248,true
AIME2024,accuracy_bin_and_direction,"(.1,.5]",Acc_up,3,30,4,4.6649076734439676,true
AIME2024,accuracy_bin_and_direction,"(.1,.5]",Acc_up,3,30,8,2.9169501386827545,true
AIME2024,accuracy_bin_and_direction,"(.1,.5]",Acc_up,3,30,16,0.91627581099178268,true
AIME2024,accuracy_bin_and_direction,"(.1,.5]",Acc_up,3,30,32,0.087133070275907665,true
AIME2024,accuracy_bin_and_direction,"(.1,.5]",Acc_up,3,30,64,0.00085400029899244478,true
AIME2024,accuracy_bin_and_direction,"(.1,.5]",Acc_up,3,30,128,7.9724254235339728e-08,true
AIME2024,accuracy_bin_and_direction,"(.1,.5]",Acc_up,3,30,256,0,true
AIME2024,accuracy_bin_and_direction,"(.1,.5]",Acc_up,3,30,512,0,true
AIME2024,accuracy_bin_and_direction,"(.1,.5]",Acc_up,3,30,1024,0,true
AIME2024,accuracy_bin_and_direction,"(.1,.5]",Acc_down,0,30,1,0,false
AIME2024,accuracy_bin_and_direction,"(.1,.5]",Acc_down,0,30,2,0,false
AIME2024,accuracy_bin_and_direction,"(.1,.5]",Acc_down,0,30,4,0,false
AIME2024,accuracy_bin_and_direction,"(.1,.5]",Acc_down,0,30,8,0,false
AIME2024,accuracy_bin_and_direction,"(.1,.5]",Acc_down,0,30,16,0,false
AIME2024,accuracy_bin_and_direction,"(.1,.5]",Acc_down,0,30,32,0,false
AIME2024,accuracy_bin_and_direction,"(.1,.5]",Acc_down,0,30,64,0,false
AIME2024,accuracy_bin_and_direction,"(.1,.5]",Acc_down,0,30,128,0,false
AIME2024,accuracy_bin_and_direction,"(.1,.5]",Acc_down,0,30,256,0,false
AIME2024,accuracy_bin_and_direction,"(.1,.5]",Acc_down,0,30,512,0,false
AIME2024,accuracy_bin_and_direction,"(.1,.5]",Acc_down,0,30,1024,0,false
AIME2024,accuracy_bin_and_direction,"(.5,1]",Acc_up,1,30,1,1.2239583333333333,true
AIME2024,accuracy_bin_and_direction,"(.5,1]",Acc_up,1,30,2,0.55634469696969724,true
AIME2024,accuracy_bin_and_direction,"(.5,1]",Acc_up,1,30,4,0.094427405703528436,true
AIME2024,accuracy_bin_and_direction,"(.5,1]",Acc_up,1,30,8,0.0026156699357238189,true
AIME2024,accuracy_bin_and_direction,"(.5,1]",Acc_up,1,30,16,1.8724423115716131e-06,true
AIME2024,accuracy_bin_and_direction,"(.5,1]",Acc_up,1,30,32,7.2090481732326828e-13,true
AIME2024,accuracy_bin_and_direction,"(.5,1]",Acc_up,1,30,64,0,true
AIME2024,accuracy_bin_and_direction,"(.5,1]",Acc_up,1,30,128,0,true
AIME2024,accuracy_bin_and_direction,"(.5,1]",Acc_up,1,30,256,0,true
AIME2024,accuracy_bin_and_direction,"(.5,1]",Acc_up,1,30,512,0,true
AIME2024,accuracy_bin_and_direction,"(.5,1]",Acc_up,1,30,1024,0,true
AIME2024,accuracy_bin_and_direction,"(.5,1]",Acc_down,0,30,1,0,false
AIME2024,accuracy_bin_and_direction,"(.5,1]",Acc_down,0,30,2,0,false
AIME2024,accuracy_bin_and_direction,"(.5,1]",Acc_down,0,30,4,0,false
AIME2024,accuracy_bin_and_direction,"(.5,1]",Acc_down,0,30,8,0,false
AIME2024,accuracy_bin_and_direction,"(.5,1]",Acc_down,0,30,16,0,false
AIME2024,accuracy_bin_and_direction,"(.5,1]",Acc_down,0,30,32,0,false
AIME2024,accuracy_bin_and_direction,"(.5,1]",Acc_down,0,30,64,0,false
AIME2024,accuracy_bin_and_direction,"(.5,1]",Acc_down,0,30,128,0,false
AIME2024,accuracy_bin_and_direction,"(.5,1]",Acc_down,0,30,256,0,false
AIME2024,accuracy_bin_and_direction,"(.5,1]",Acc_down,0,30,512,0,false
AIME2024,accuracy_bin_and_direction,"(.5,1]",Acc_down,0,30,1024,0,false
AIME2024,overall,all,all,30,30,1,7.809244791666667,true
AIME2024,overall,all,all,30,30,2,9.6731745377158695,true
AIME2024,overall,all,all,30,30,4,10.057394978752846,true
AIME2024,overall,all,all,30,30,8,8.2756437203047657,true
AIME2024,overall,all,all,30,30,16,5.2653355570324134,true
AIME2024,overall,all,all,30,30,32,2.2331954908267289,true
AIME2024,overall,all,all,30,30,64,-1.4682113193235995,true
AIME2024,overall,all,all,30,30,128,-5.9346097974995864,true
AIME2024,overall,all,all,30,30,256,-9.9611920538905263,true
AIME2024,overall,all,all,30,30,512,-13.763202410409212,true
AIME2024,overall,all,all,30,30,1024,-16.666666666666668,true
AIME2024,unchanged_diagnostic,all,unchanged,10,30,1,0,false
AIME2024,unchanged_diagnostic,all,unchanged,10,30,2,0,false
AIME2024,unchanged_diagnostic,all,unchanged,10,30,4,0,false
AIME2024,unchanged_diagnostic,all,unchanged,10,30,8,0,false
AIME2024,unchanged_diagnostic,all,unchanged,10,30,16,0,false
AIME2024,unchanged_diagnostic,all,unchanged,10,30,32,0,false
AIME2024,unchanged_diagnostic,all,unchanged,10,30,64,0,false
AIME2024,unchanged_diagnostic,all,unchanged,10,30,128,0,false
AIME2024,unchanged_diagnostic,all,unchanged,10,30,256,0,false
AIME2024,unchanged_diagnostic,all,unchanged,10,30,512,0,false
AIME2024,unchanged_diagnostic,all,unchanged,10,30,1024,0,false
PopQA,accuracy_bin_and_direction,"[0,.01]",Acc_up,39,200,1,2.61328125,true
PopQA,accuracy_bin_and_direction,"[0,.01]",Acc_up,39,200,2,3.4424649086632453,true
PopQA,accuracy_bin_and_direction,"[0,.01]",Acc_up,39,200,4,4.5540373458579193,true
PopQA,accuracy_bin_and_direction,"[0,.01]",Acc_up,39,200,8,6.011291159497949,true
PopQA,accuracy_bin_and_direction,"[0,.01]",Acc_up,39,200,16,7.6528187102566347,true
PopQA,accuracy_bin_and_direction,"[0,.01]",Acc_up,39,200,32,9.2803092622085828,true
PopQA,accuracy_bin_and_direction,"[0,.01]",Acc_up,39,200,64,10.791645372713225,true
PopQA,accuracy_bin_and_direction,"[0,.01]",Acc_up,39,200,128,12.064678292851376,true
PopQA,accuracy_bin_and_direction,"[0,.01]",Acc_up,39,200,256,13.051950865768983,true
PopQA,accuracy_bin_and_direction,"[0,.01]",Acc_up,39,200,512,14.109801379191365,true
PopQA,accuracy_bin_and_direction,"[0,.01]",Acc_up,39,200,1024,15.5,true
PopQA,accuracy_bin_and_direction,"[0,.01]",Acc_down,6,200,1,-0.009765625,true
PopQA,accuracy_bin_and_direction,"[0,.01]",Acc_down,6,200,2,-0.019496884164222905,true
PopQA,accuracy_bin_and_direction,"[0,.01]",Acc_down,6,200,4,-0.03885676421217904,true
PopQA,accuracy_bin_and_direction,"[0,.01]",Acc_down,6,200,8,-0.077169167366885394,true
PopQA,accuracy_bin_and_direction,"[0,.01]",Acc_down,6,200,16,-0.15218984098168148,true
PopQA,accuracy_bin_and_direction,"[0,.01]",Acc_down,6,200,32,-0.29601268137005715,true
PopQA,accuracy_bin_and_direction,"[0,.01]",Acc_down,6,200,64,-0.56030083097910832,true
PopQA,accuracy_bin_and_direction,"[0,.01]",Acc_down,6,200,128,-1.0065488167895633,true
PopQA,accuracy_bin_and_direction,"[0,.01]",Acc_down,6,200,256,-1.643685742975814,true
PopQA,accuracy_bin_and_direction,"[0,.01]",Acc_down,6,200,512,-2.2976532859845542,true
PopQA,accuracy_bin_and_direction,"[0,.01]",Acc_down,6,200,1024,-2.5,true
PopQA,accuracy_bin_and_direction,"(.01,.1]",Acc_up,4,200,1,1.33056640625,true
PopQA,accuracy_bin_and_direction,"(.01,.1]",Acc_up,4,200,2,1.4986874159946233,true
PopQA,accuracy_bin_and_direction,"(.01,.1]",Acc_up,4,200,4,1.5050296714842104,true
PopQA,accuracy_bin_and_direction,"(.01,.1]",Acc_up,4,200,8,1.4045673322908527,true
PopQA,accuracy_bin_and_direction,"(.01,.1]",Acc_up,4,200,16,1.1235242590727605,true
PopQA,accuracy_bin_and_direction,"(.01,.1]",Acc_up,4,200,32,0.65831537240029236,true
PopQA,accuracy_bin_and_direction,"(.01,.1]",Acc_up,4,200,64,0.21882496511503655,true
PopQA,accuracy_bin_and_direction,"(.01,.1]",Acc_up,4,200,128,0.024252625288240348,true
PopQA,accuracy_bin_and_direction,"(.01,.1]",Acc_up,4,200,256,0.00025250563799872339,true
PopQA,accuracy_bin_and_direction,"(.01,.1]",Acc_up,4,200,512,2.7663751289708216e-09,true
PopQA,accuracy_bin_and_direction,"(.01,.1]",Acc_up,4,200,1024,0,true
PopQA,accuracy_bin_and_direction,"(.01,.1]",Acc_down,6,200,1,-0.06884765625,true
PopQA,accuracy_bin_and_direction,"(.01,.1]",Acc_down,6,200,2,-0.13448401606793742,true
PopQA,accuracy_bin_and_direction,"(.01,.1]",Acc_down,6,200,4,-0.25671006303403643,true
PopQA,accuracy_bin_and_direction,"(.01,.1]",Acc_down,6,200,8,-0.46869251113987431,true
PopQA,accuracy_bin_and_direction,"(.01,.1]",Acc_down,6,200,16,-0.78753860457289182,true
PopQA,accuracy_bin_and_direction,"(.01,.1]",Acc_down,6,200,32,-1.1446376758850338,true
PopQA,accuracy_bin_and_direction,"(.01,.1]",Acc_down,6,200,64,-1.3297484893010065,true
PopQA,accuracy_bin_and_direction,"(.01,.1]",Acc_down,6,200,128,-1.1690685452146234,true
PopQA,accuracy_bin_and_direction,"(.01,.1]",Acc_down,6,200,256,-0.80569807585083486,true
PopQA,accuracy_bin_and_direction,"(.01,.1]",Acc_down,6,200,512,-0.54250506602196236,true
PopQA,accuracy_bin_and_direction,"(.01,.1]",Acc_down,6,200,1024,-0.5,true
PopQA,accuracy_bin_and_direction,"(.1,.5]",Acc_up,5,200,1,0.5546875,true
PopQA,accuracy_bin_and_direction,"(.1,.5]",Acc_up,5,200,2,0.51241370356793747,true
PopQA,accuracy_bin_and_direction,"(.1,.5]",Acc_up,5,200,4,0.35220969642085753,true
PopQA,accuracy_bin_and_direction,"(.1,.5]",Acc_up,5,200,8,0.13143255442826302,true
PopQA,accuracy_bin_and_direction,"(.1,.5]",Acc_up,5,200,16,0.015548021094458131,true
PopQA,accuracy_bin_and_direction,"(.1,.5]",Acc_up,5,200,32,0.00021684158664025954,true
PopQA,accuracy_bin_and_direction,"(.1,.5]",Acc_up,5,200,64,5.0209281454716148e-08,true
PopQA,accuracy_bin_and_direction,"(.1,.5]",Acc_up,5,200,128,1.3877787807814457e-15,true
PopQA,accuracy_bin_and_direction,"(.1,.5]",Acc_up,5,200,256,0,true
PopQA,accuracy_bin_and_direction,"(.1,.5]",Acc_up,5,200,512,0,true
PopQA,accuracy_bin_and_direction,"(.1,.5]",Acc_up,5,200,1024,0,true
PopQA,accuracy_bin_and_direction,"(.1,.5]",Acc_down,5,200,1,-0.29052734375,true
PopQA,accuracy_bin_and_direction,"(.1,.5]",Acc_down,5,200,2,-0.4743506766251222,true
PopQA,accuracy_bin_and_direction,"(.1,.5]",Acc_down,5,200,4,-0.67709546655271868,true
PopQA,accuracy_bin_and_direction,"(.1,.5]",Acc_down,5,200,8,-0.82543375469404945,true
PopQA,accuracy_bin_and_direction,"(.1,.5]",Acc_down,5,200,16,-0.83662864008899529,true
PopQA,accuracy_bin_and_direction,"(.1,.5]",Acc_down,5,200,32,-0.6854879930629515,true
PopQA,accuracy_bin_and_direction,"(.1,.5]",Acc_down,5,200,64,-0.54646900984712699,true
PopQA,accuracy_bin_and_direction,"(.1,.5]",Acc_down,5,200,128,-0.50325815998508494,true
PopQA,accuracy_bin_and_direction,"(.1,.5]",Acc_down,5,200,256,-0.50000953650045088,true
PopQA,accuracy_bin_and_direction,"(.1,.5]",Acc_down,5,200,512,-0.50000000000185307,true
PopQA,accuracy_bin_and_direction,"(.1,.5]",Acc_down,5,200,1024,-0.5,true
PopQA,accuracy_bin_and_direction,"(.5,1]",Acc_up,4,200,1,0.32568359375,true
PopQA,accuracy_bin_and_direction,"(.5,1]",Acc_up,4,200,2,0.08085040169843595,true
PopQA,accuracy_bin_and_direction,"(.5,1]",Acc_up,4,200,4,0.0062756956009477061,true
PopQA,accuracy_bin_and_direction,"(.5,1]",Acc_up,4,200,8,5.0371212905075957e-05,true
PopQA,accuracy_bin_and_direction,"(.5,1]",Acc_up,4,200,16,3.9103905113968551e-09,true
PopQA,accuracy_bin_and_direction,"(.5,1]",Acc_up,4,200,32,0,true
PopQA,accuracy_bin_and_direction,"(.5,1]",Acc_up,4,200,64,0,true
PopQA,accuracy_bin_and_direction,"(.5,1]",Acc_up,4,200,128,0,true
PopQA,accuracy_bin_and_direction,"(.5,1]",Acc_up,4,200,256,0,true
PopQA,accuracy_bin_and_direction,"(.5,1]",Acc_up,4,200,512,0,true
PopQA,accuracy_bin_and_direction,"(.5,1]",Acc_up,4,200,1024,0,true
PopQA,accuracy_bin_and_direction,"(.5,1]",Acc_down,9,200,1,-1.02880859375,true
PopQA,accuracy_bin_and_direction,"(.5,1]",Acc_down,9,200,2,-0.7424328338831867,true
PopQA,accuracy_bin_and_direction,"(.5,1]",Acc_down,9,200,4,-0.47749254564011373,true
PopQA,accuracy_bin_and_direction,"(.5,1]",Acc_down,9,200,8,-0.31808579961676359,true
PopQA,accuracy_bin_and_direction,"(.5,1]",Acc_down,9,200,16,-0.19215187894447086,true
PopQA,accuracy_bin_and_direction,"(.5,1]",Acc_down,9,200,32,-0.072628244895604266,true
PopQA,accuracy_bin_and_direction,"(.5,1]",Acc_down,9,200,64,-0.0098833783107644679,true
PopQA,accuracy_bin_and_direction,"(.5,1]",Acc_down,9,200,128,-0.00014768771345302634,true
PopQA,accuracy_bin_and_direction,"(.5,1]",Acc_down,9,200,256,-1.1867997085079907e-08,true
PopQA,accuracy_bin_and_direction,"(.5,1]",Acc_down,9,200,512,0,true
PopQA,accuracy_bin_and_direction,"(.5,1]",Acc_down,9,200,1024,0,true
PopQA,overall,all,all,200,200,1,3.42626953125,true
PopQA,overall,all,all,200,200,2,4.1636520191837736,true
PopQA,overall,all,all,200,200,4,4.9673975699248869,true
PopQA,overall,all,all,200,200,8,5.8579601846123976,true
PopQA,overall,all,all,200,200,16,6.8233820297462042,true
PopQA,overall,all,all,200,200,32,7.7400748809818678,true
PopQA,overall,all,all,200,200,64,8.5640686795995364,true
PopQA,overall,all,all,200,200,128,9.4099077084368936,true
PopQA,overall,all,all,200,200,256,10.102810004211886,true
PopQA,overall,all,all,200,200,512,10.769643029949371,true
PopQA,overall,all,all,200,200,1024,12,true
PopQA,unchanged_diagnostic,all,unchanged,122,200,1,0,false
PopQA,unchanged_diagnostic,all,unchanged,122,200,2,0,false
PopQA,unchanged_diagnostic,all,unchanged,122,200,4,0,false
PopQA,unchanged_diagnostic,all,unchanged,122,200,8,0,false
PopQA,unchanged_diagnostic,all,unchanged,122,200,16,0,false
PopQA,unchanged_diagnostic,all,unchanged,122,200,32,0,false
PopQA,unchanged_diagnostic,all,unchanged,122,200,64,0,false
PopQA,unchanged_diagnostic,all,unchanged,122,200,128,0,false
PopQA,unchanged_diagnostic,all,unchanged,122,200,256,0,false
PopQA,unchanged_diagnostic,all,unchanged,122,200,512,0,false
PopQA,unchanged_diagnostic,all,unchanged,122,200,1024,0,false
