setting_id,dataset,role,label,k,pass_at_k,pass_at_k_percent,pass_at_k_percent_1dp
qwen3_grpo,aime_2024,after,DOPD · Direct-OPD step 200,1,0.12086588541666667,12.086588541666666,12.1
qwen3_grpo,aime_2024,after,DOPD · Direct-OPD step 200,2,0.17678765986477682,17.678765986477682,17.7
qwen3_grpo,aime_2024,after,DOPD · Direct-OPD step 200,4,0.23163218874167285,23.163218874167285,23.2
qwen3_grpo,aime_2024,after,DOPD · Direct-OPD step 200,8,0.2747353636425332,27.47353636425332,27.5
qwen3_grpo,aime_2024,after,DOPD · Direct-OPD step 200,16,0.30695210555805563,30.695210555805563,30.7
qwen3_grpo,aime_2024,after,DOPD · Direct-OPD step 200,32,0.33463131300858456,33.463131300858457,33.5
qwen3_grpo,aime_2024,after,DOPD · Direct-OPD step 200,64,0.36750227636268884,36.750227636268882,36.8
qwen3_grpo,aime_2024,after,DOPD · Direct-OPD step 200,128,0.41414555703734846,41.414555703734848,41.4
qwen3_grpo,aime_2024,after,DOPD · Direct-OPD step 200,256,0.47040387018345692,47.04038701834569,47.0
qwen3_grpo,aime_2024,after,DOPD · Direct-OPD step 200,512,0.52150834253896439,52.150834253896441,52.2
qwen3_grpo,aime_2024,after,DOPD · Direct-OPD step 200,1024,0.56666666666666665,56.666666666666664,56.7
qwen3_grpo,aime_2024,before,Base · Qwen3-1.7B-Base,1,0.041959635416666669,4.195963541666667,4.2
qwen3_grpo,aime_2024,before,Base · Qwen3-1.7B-Base,2,0.069980678763440857,6.998067876344086,7.0
qwen3_grpo,aime_2024,before,Base · Qwen3-1.7B-Base,4,0.10857030749307237,10.857030749307237,10.9
qwen3_grpo,aime_2024,before,Base · Qwen3-1.7B-Base,8,0.15967041626547271,15.967041626547271,16.0
qwen3_grpo,aime_2024,before,Base · Qwen3-1.7B-Base,16,0.22023415202095564,22.023415202095563,22.0
qwen3_grpo,aime_2024,before,Base · Qwen3-1.7B-Base,32,0.28236582778043456,28.236582778043456,28.2
qwen3_grpo,aime_2024,before,Base · Qwen3-1.7B-Base,64,0.3503448384885009,35.034483848850087,35.0
qwen3_grpo,aime_2024,before,Base · Qwen3-1.7B-Base,128,0.42942577274934668,42.942577274934671,42.9
qwen3_grpo,aime_2024,before,Base · Qwen3-1.7B-Base,256,0.51601452066244136,51.601452066244136,51.6
qwen3_grpo,aime_2024,before,Base · Qwen3-1.7B-Base,512,0.61045867108167151,61.045867108167151,61.0
qwen3_grpo,aime_2024,before,Base · Qwen3-1.7B-Base,1024,0.69999999999999996,70,70.0
qwen3_grpo,aime_2024,eopd,EOPD · step 400 (EOS/top-k fix),1,0.12272135416666667,12.272135416666668,12.3
qwen3_grpo,aime_2024,eopd,EOPD · step 400 (EOS/top-k fix),2,0.17110412339116976,17.110412339116976,17.1
qwen3_grpo,aime_2024,eopd,EOPD · step 400 (EOS/top-k fix),4,0.21415929545482204,21.415929545482204,21.4
qwen3_grpo,aime_2024,eopd,EOPD · step 400 (EOS/top-k fix),8,0.24718912419477299,24.718912419477299,24.7
qwen3_grpo,aime_2024,eopd,EOPD · step 400 (EOS/top-k fix),16,0.27961128339961616,27.961128339961615,28.0
qwen3_grpo,aime_2024,eopd,EOPD · step 400 (EOS/top-k fix),32,0.31543358317211784,31.543358317211784,31.5
qwen3_grpo,aime_2024,eopd,EOPD · step 400 (EOS/top-k fix),64,0.35126815862494137,35.126815862494141,35.1
qwen3_grpo,aime_2024,eopd,EOPD · step 400 (EOS/top-k fix),128,0.39340820520652109,39.340820520652109,39.3
qwen3_grpo,aime_2024,eopd,EOPD · step 400 (EOS/top-k fix),256,0.44956320644330516,44.956320644330518,45.0
qwen3_grpo,aime_2024,eopd,EOPD · step 400 (EOS/top-k fix),512,0.5207121799163702,52.07121799163702,52.1
qwen3_grpo,aime_2024,eopd,EOPD · step 400 (EOS/top-k fix),1024,0.59999999999999998,60,60.0
qwen3_grpo,aime_2024,eopd_fkl,FKL · EOPD Pure-FKL step 200,1,0.12675781250000001,12.675781250000002,12.7
qwen3_grpo,aime_2024,eopd_fkl,FKL · EOPD Pure-FKL step 200,2,0.17774754857038125,17.774754857038126,17.8
qwen3_grpo,aime_2024,eopd_fkl,FKL · EOPD Pure-FKL step 200,4,0.22294936828278311,22.29493682827831,22.3
qwen3_grpo,aime_2024,eopd_fkl,FKL · EOPD Pure-FKL step 200,8,0.25986432105348584,25.986432105348584,26.0
qwen3_grpo,aime_2024,eopd_fkl,FKL · EOPD Pure-FKL step 200,16,0.29667218568029763,29.667218568029764,29.7
qwen3_grpo,aime_2024,eopd_fkl,FKL · EOPD Pure-FKL step 200,32,0.33535446822966952,33.535446822966954,33.5
qwen3_grpo,aime_2024,eopd_fkl,FKL · EOPD Pure-FKL step 200,64,0.37648473529938514,37.648473529938514,37.6
qwen3_grpo,aime_2024,eopd_fkl,FKL · EOPD Pure-FKL step 200,128,0.43104232207272641,43.104232207272645,43.1
qwen3_grpo,aime_2024,eopd_fkl,FKL · EOPD Pure-FKL step 200,256,0.49830045073711571,49.830045073711574,49.8
qwen3_grpo,aime_2024,eopd_fkl,FKL · EOPD Pure-FKL step 200,512,0.55760215990941275,55.760215990941276,55.8
qwen3_grpo,aime_2024,eopd_fkl,FKL · EOPD Pure-FKL step 200,1024,0.59999999999999998,60,60.0
qwen3_grpo,aime_2024,exopd,ExOPD · step 100,1,0.12373046875,12.373046875,12.4
qwen3_grpo,aime_2024,exopd,ExOPD · step 100,2,0.17275731101335939,17.275731101335939,17.3
qwen3_grpo,aime_2024,exopd,ExOPD · step 100,4,0.21694377228586553,21.694377228586553,21.7
qwen3_grpo,aime_2024,exopd,ExOPD · step 100,8,0.25235673916791579,25.23567391679158,25.2
qwen3_grpo,aime_2024,exopd,ExOPD · step 100,16,0.28568350032746148,28.568350032746149,28.6
qwen3_grpo,aime_2024,exopd,ExOPD · step 100,32,0.3212984185789664,32.129841857896643,32.1
qwen3_grpo,aime_2024,exopd,ExOPD · step 100,64,0.36161110815761138,36.161110815761141,36.2
qwen3_grpo,aime_2024,exopd,ExOPD · step 100,128,0.40897630521681,40.897630521681002,40.9
qwen3_grpo,aime_2024,exopd,ExOPD · step 100,256,0.46110086150382329,46.11008615038233,46.1
qwen3_grpo,aime_2024,exopd,ExOPD · step 100,512,0.51669558933527582,51.669558933527583,51.7
qwen3_grpo,aime_2024,exopd,ExOPD · step 100,1024,0.56666666666666665,56.666666666666664,56.7
qwen3_grpo,aime_2024,opd,OPD · Qwen3-1.7B-Base-OPD,1,0.12005208333333334,12.005208333333334,12.0
qwen3_grpo,aime_2024,opd,OPD · Qwen3-1.7B-Base-OPD,2,0.16671242414059956,16.671242414059957,16.7
qwen3_grpo,aime_2024,opd,OPD · Qwen3-1.7B-Base-OPD,4,0.20914425728060082,20.914425728060081,20.9
qwen3_grpo,aime_2024,opd,OPD · Qwen3-1.7B-Base-OPD,8,0.24242685346852036,24.242685346852035,24.2
qwen3_grpo,aime_2024,opd,OPD · Qwen3-1.7B-Base-OPD,16,0.27288750759127978,27.288750759127979,27.3
qwen3_grpo,aime_2024,opd,OPD · Qwen3-1.7B-Base-OPD,32,0.30469778268870185,30.469778268870186,30.5
qwen3_grpo,aime_2024,opd,OPD · Qwen3-1.7B-Base-OPD,64,0.33566272529526486,33.566272529526486,33.6
qwen3_grpo,aime_2024,opd,OPD · Qwen3-1.7B-Base-OPD,128,0.37007967477435083,37.007967477435081,37.0
qwen3_grpo,aime_2024,opd,OPD · Qwen3-1.7B-Base-OPD,256,0.41640260012353614,41.640260012353615,41.6
qwen3_grpo,aime_2024,opd,OPD · Qwen3-1.7B-Base-OPD,512,0.47282664697757942,47.282664697757944,47.3
qwen3_grpo,aime_2024,opd,OPD · Qwen3-1.7B-Base-OPD,1024,0.53333333333333333,53.333333333333336,53.3
qwen3_grpo,aime_2025,after,DOPD · Direct-OPD step 200,1,0.086718749999999997,8.671875,8.7
qwen3_grpo,aime_2025,after,DOPD · Direct-OPD step 200,2,0.1296958368971978,12.96958368971978,13.0
qwen3_grpo,aime_2025,after,DOPD · Direct-OPD step 200,4,0.18402375777915084,18.402375777915083,18.4
qwen3_grpo,aime_2025,after,DOPD · Direct-OPD step 200,8,0.23892708689147207,23.892708689147206,23.9
qwen3_grpo,aime_2025,after,DOPD · Direct-OPD step 200,16,0.2834034069594501,28.340340695945009,28.3
qwen3_grpo,aime_2025,after,DOPD · Direct-OPD step 200,32,0.31837023451564633,31.837023451564633,31.8
qwen3_grpo,aime_2025,after,DOPD · Direct-OPD step 200,64,0.35067664771331225,35.067664771331224,35.1
qwen3_grpo,aime_2025,after,DOPD · Direct-OPD step 200,128,0.39496666186411106,39.496666186411105,39.5
qwen3_grpo,aime_2025,after,DOPD · Direct-OPD step 200,256,0.46217774473299672,46.21777447329967,46.2
qwen3_grpo,aime_2025,after,DOPD · Direct-OPD step 200,512,0.54641674548093822,54.641674548093825,54.6
qwen3_grpo,aime_2025,after,DOPD · Direct-OPD step 200,1024,0.6333333333333333,63.333333333333329,63.3
qwen3_grpo,aime_2025,before,Base · Qwen3-1.7B-Base,1,0.030631510416666667,3.0631510416666665,3.1
qwen3_grpo,aime_2025,before,Base · Qwen3-1.7B-Base,2,0.05256222761893125,5.2562227618931248,5.3
qwen3_grpo,aime_2025,before,Base · Qwen3-1.7B-Base,4,0.08340936624656474,8.3409366246564733,8.3
qwen3_grpo,aime_2025,before,Base · Qwen3-1.7B-Base,8,0.12448989868915236,12.448989868915236,12.4
qwen3_grpo,aime_2025,before,Base · Qwen3-1.7B-Base,16,0.17689970820700734,17.689970820700733,17.7
qwen3_grpo,aime_2025,before,Base · Qwen3-1.7B-Base,32,0.23451354668517005,23.451354668517006,23.5
qwen3_grpo,aime_2025,before,Base · Qwen3-1.7B-Base,64,0.29614710092115043,29.614710092115043,29.6
qwen3_grpo,aime_2025,before,Base · Qwen3-1.7B-Base,128,0.37043814814731213,37.043814814731213,37.0
qwen3_grpo,aime_2025,before,Base · Qwen3-1.7B-Base,256,0.45676957169843035,45.676957169843035,45.7
qwen3_grpo,aime_2025,before,Base · Qwen3-1.7B-Base,512,0.55077513451757265,55.077513451757262,55.1
qwen3_grpo,aime_2025,before,Base · Qwen3-1.7B-Base,1024,0.66666666666666663,66.666666666666657,66.7
qwen3_grpo,aime_2025,eopd,EOPD · step 400 (EOS/top-k fix),1,0.092057291666666666,9.2057291666666661,9.2
qwen3_grpo,aime_2025,eopd,EOPD · step 400 (EOS/top-k fix),2,0.13639844768246986,13.639844768246986,13.6
qwen3_grpo,aime_2025,eopd,EOPD · step 400 (EOS/top-k fix),4,0.19153210106531268,19.153210106531269,19.2
qwen3_grpo,aime_2025,eopd,EOPD · step 400 (EOS/top-k fix),8,0.24513246884196846,24.513246884196846,24.5
qwen3_grpo,aime_2025,eopd,EOPD · step 400 (EOS/top-k fix),16,0.29024194071246523,29.024194071246523,29.0
qwen3_grpo,aime_2025,eopd,EOPD · step 400 (EOS/top-k fix),32,0.33439861522614073,33.439861522614073,33.4
qwen3_grpo,aime_2025,eopd,EOPD · step 400 (EOS/top-k fix),64,0.38325547416789751,38.325547416789753,38.3
qwen3_grpo,aime_2025,eopd,EOPD · step 400 (EOS/top-k fix),128,0.44300642928240158,44.300642928240158,44.3
qwen3_grpo,aime_2025,eopd,EOPD · step 400 (EOS/top-k fix),256,0.5121914753606861,51.219147536068611,51.2
qwen3_grpo,aime_2025,eopd,EOPD · step 400 (EOS/top-k fix),512,0.57761472021522364,57.761472021522366,57.8
qwen3_grpo,aime_2025,eopd,EOPD · step 400 (EOS/top-k fix),1024,0.6333333333333333,63.333333333333329,63.3
qwen3_grpo,aime_2025,eopd_fkl,FKL · EOPD Pure-FKL step 200,1,0.095605468750000006,9.560546875,9.6
qwen3_grpo,aime_2025,eopd_fkl,FKL · EOPD Pure-FKL step 200,2,0.14262719177663735,14.262719177663735,14.3
qwen3_grpo,aime_2025,eopd_fkl,FKL · EOPD Pure-FKL step 200,4,0.19822469671060802,19.822469671060801,19.8
qwen3_grpo,aime_2025,eopd_fkl,FKL · EOPD Pure-FKL step 200,8,0.24987503658028234,24.987503658028235,25.0
qwen3_grpo,aime_2025,eopd_fkl,FKL · EOPD Pure-FKL step 200,16,0.29423978170416154,29.423978170416156,29.4
qwen3_grpo,aime_2025,eopd_fkl,FKL · EOPD Pure-FKL step 200,32,0.33948799595416823,33.948799595416823,33.9
qwen3_grpo,aime_2025,eopd_fkl,FKL · EOPD Pure-FKL step 200,64,0.38466185605049441,38.466185605049439,38.5
qwen3_grpo,aime_2025,eopd_fkl,FKL · EOPD Pure-FKL step 200,128,0.43351527896137443,43.351527896137441,43.4
qwen3_grpo,aime_2025,eopd_fkl,FKL · EOPD Pure-FKL step 200,256,0.49221426835104304,49.221426835104303,49.2
qwen3_grpo,aime_2025,eopd_fkl,FKL · EOPD Pure-FKL step 200,512,0.56098002508881062,56.098002508881059,56.1
qwen3_grpo,aime_2025,eopd_fkl,FKL · EOPD Pure-FKL step 200,1024,0.6333333333333333,63.333333333333329,63.3
qwen3_grpo,aime_2025,exopd,ExOPD · step 100,1,0.090624999999999997,9.0625,9.1
qwen3_grpo,aime_2025,exopd,ExOPD · step 100,2,0.13311396474828935,13.311396474828936,13.3
qwen3_grpo,aime_2025,exopd,ExOPD · step 100,4,0.18459573712626251,18.459573712626252,18.5
qwen3_grpo,aime_2025,exopd,ExOPD · step 100,8,0.23498073249767704,23.498073249767703,23.5
qwen3_grpo,aime_2025,exopd,ExOPD · step 100,16,0.27810285771332005,27.810285771332005,27.8
qwen3_grpo,aime_2025,exopd,ExOPD · step 100,32,0.31835299090582336,31.835299090582335,31.8
qwen3_grpo,aime_2025,exopd,ExOPD · step 100,64,0.35979068410874193,35.979068410874191,36.0
qwen3_grpo,aime_2025,exopd,ExOPD · step 100,128,0.4038504990951961,40.385049909519608,40.4
qwen3_grpo,aime_2025,exopd,ExOPD · step 100,256,0.44865278727422525,44.865278727422528,44.9
qwen3_grpo,aime_2025,exopd,ExOPD · step 100,512,0.49740013446708126,49.740013446708126,49.7
qwen3_grpo,aime_2025,exopd,ExOPD · step 100,1024,0.56666666666666665,56.666666666666664,56.7
qwen3_grpo,aime_2025,opd,OPD · Qwen3-1.7B-Base-OPD,1,0.085872395833333337,8.5872395833333339,8.6
qwen3_grpo,aime_2025,opd,OPD · Qwen3-1.7B-Base-OPD,2,0.12556118137015315,12.556118137015314,12.6
qwen3_grpo,aime_2025,opd,OPD · Qwen3-1.7B-Base-OPD,4,0.17362002385709766,17.362002385709765,17.4
qwen3_grpo,aime_2025,opd,OPD · Qwen3-1.7B-Base-OPD,8,0.22175635811417202,22.175635811417202,22.2
qwen3_grpo,aime_2025,opd,OPD · Qwen3-1.7B-Base-OPD,16,0.2648317089476559,26.483170894765589,26.5
qwen3_grpo,aime_2025,opd,OPD · Qwen3-1.7B-Base-OPD,32,0.30446416572730411,30.44641657273041,30.4
qwen3_grpo,aime_2025,opd,OPD · Qwen3-1.7B-Base-OPD,64,0.34436918313104736,34.436918313104734,34.4
qwen3_grpo,aime_2025,opd,OPD · Qwen3-1.7B-Base-OPD,128,0.38957545383820991,38.957545383820992,39.0
qwen3_grpo,aime_2025,opd,OPD · Qwen3-1.7B-Base-OPD,256,0.44602208819066386,44.602208819066384,44.6
qwen3_grpo,aime_2025,opd,OPD · Qwen3-1.7B-Base-OPD,512,0.51229146163262629,51.229146163262627,51.2
qwen3_grpo,aime_2025,opd,OPD · Qwen3-1.7B-Base-OPD,1024,0.56666666666666665,56.666666666666664,56.7
qwen3_grpo,aime_2026,after,DOPD · Direct-OPD step 200,1,0.07652994791666666,7.6529947916666661,7.7
qwen3_grpo,aime_2026,after,DOPD · Direct-OPD step 200,2,0.11760370845552297,11.760370845552297,11.8
qwen3_grpo,aime_2026,after,DOPD · Direct-OPD step 200,4,0.1587610877747492,15.87610877747492,15.9
qwen3_grpo,aime_2026,after,DOPD · Direct-OPD step 200,8,0.19468359918957642,19.468359918957642,19.5
qwen3_grpo,aime_2026,after,DOPD · Direct-OPD step 200,16,0.23030234692729162,23.030234692729163,23.0
qwen3_grpo,aime_2026,after,DOPD · Direct-OPD step 200,32,0.26569327665055403,26.569327665055404,26.6
qwen3_grpo,aime_2026,after,DOPD · Direct-OPD step 200,64,0.30162906086678193,30.162906086678191,30.2
qwen3_grpo,aime_2026,after,DOPD · Direct-OPD step 200,128,0.3488298099720934,34.882980997209337,34.9
qwen3_grpo,aime_2026,after,DOPD · Direct-OPD step 200,256,0.407769736889463,40.776973688946299,40.8
qwen3_grpo,aime_2026,after,DOPD · Direct-OPD step 200,512,0.46979564194923024,46.979564194923022,47.0
qwen3_grpo,aime_2026,after,DOPD · Direct-OPD step 200,1024,0.53333333333333333,53.333333333333336,53.3
qwen3_grpo,aime_2026,before,Base · Qwen3-1.7B-Base,1,0.027897135416666666,2.7897135416666665,2.8
qwen3_grpo,aime_2026,before,Base · Qwen3-1.7B-Base,2,0.048979207396546112,4.8979207396546114,4.9
qwen3_grpo,aime_2026,before,Base · Qwen3-1.7B-Base,4,0.077821529814792859,7.7821529814792862,7.8
qwen3_grpo,aime_2026,before,Base · Qwen3-1.7B-Base,8,0.10881816982353205,10.881816982353206,10.9
qwen3_grpo,aime_2026,before,Base · Qwen3-1.7B-Base,16,0.13881616981423922,13.881616981423923,13.9
qwen3_grpo,aime_2026,before,Base · Qwen3-1.7B-Base,32,0.17699504387914713,17.699504387914715,17.7
qwen3_grpo,aime_2026,before,Base · Qwen3-1.7B-Base,64,0.2357712470469629,23.577124704696288,23.6
qwen3_grpo,aime_2026,before,Base · Qwen3-1.7B-Base,128,0.31821751872067694,31.821751872067694,31.8
qwen3_grpo,aime_2026,before,Base · Qwen3-1.7B-Base,256,0.41369371342240002,41.369371342240001,41.4
qwen3_grpo,aime_2026,before,Base · Qwen3-1.7B-Base,512,0.50358407794075621,50.358407794075625,50.4
qwen3_grpo,aime_2026,before,Base · Qwen3-1.7B-Base,1024,0.56666666666666665,56.666666666666664,56.7
qwen3_grpo,aime_2026,eopd,EOPD · step 400 (EOS/top-k fix),1,0.079557291666666669,7.955729166666667,8.0
qwen3_grpo,aime_2026,eopd,EOPD · step 400 (EOS/top-k fix),2,0.11978918468963833,11.978918468963833,12.0
qwen3_grpo,aime_2026,eopd,EOPD · step 400 (EOS/top-k fix),4,0.1602393370902602,16.023933709026021,16.0
qwen3_grpo,aime_2026,eopd,EOPD · step 400 (EOS/top-k fix),8,0.19766280327051261,19.766280327051263,19.8
qwen3_grpo,aime_2026,eopd,EOPD · step 400 (EOS/top-k fix),16,0.23384464730992,23.384464730992001,23.4
qwen3_grpo,aime_2026,eopd,EOPD · step 400 (EOS/top-k fix),32,0.26926807021062388,26.926807021062388,26.9
qwen3_grpo,aime_2026,eopd,EOPD · step 400 (EOS/top-k fix),64,0.30522544921487804,30.522544921487803,30.5
qwen3_grpo,aime_2026,eopd,EOPD · step 400 (EOS/top-k fix),128,0.34541320264730513,34.541320264730516,34.5
qwen3_grpo,aime_2026,eopd,EOPD · step 400 (EOS/top-k fix),256,0.38653113051477639,38.653113051477639,38.7
qwen3_grpo,aime_2026,eopd,EOPD · step 400 (EOS/top-k fix),512,0.43122685468113536,43.122685468113538,43.1
qwen3_grpo,aime_2026,eopd,EOPD · step 400 (EOS/top-k fix),1024,0.5,50,50.0
qwen3_grpo,aime_2026,eopd_fkl,FKL · EOPD Pure-FKL step 200,1,0.078873697916666666,7.887369791666667,7.9
qwen3_grpo,aime_2026,eopd_fkl,FKL · EOPD Pure-FKL step 200,2,0.11945220857771262,11.945220857771261,11.9
qwen3_grpo,aime_2026,eopd_fkl,FKL · EOPD Pure-FKL step 200,4,0.15992582431190366,15.992582431190366,16.0
qwen3_grpo,aime_2026,eopd_fkl,FKL · EOPD Pure-FKL step 200,8,0.19724992854383444,19.724992854383444,19.7
qwen3_grpo,aime_2026,eopd_fkl,FKL · EOPD Pure-FKL step 200,16,0.23878626179698781,23.878626179698781,23.9
qwen3_grpo,aime_2026,eopd_fkl,FKL · EOPD Pure-FKL step 200,32,0.28593097858535221,28.59309785853522,28.6
qwen3_grpo,aime_2026,eopd_fkl,FKL · EOPD Pure-FKL step 200,64,0.33525540510059898,33.525540510059898,33.5
qwen3_grpo,aime_2026,eopd_fkl,FKL · EOPD Pure-FKL step 200,128,0.39080761022434135,39.080761022434132,39.1
qwen3_grpo,aime_2026,eopd_fkl,FKL · EOPD Pure-FKL step 200,256,0.45626917485729362,45.626917485729365,45.6
qwen3_grpo,aime_2026,eopd_fkl,FKL · EOPD Pure-FKL step 200,512,0.53963395902411537,53.963395902411534,54.0
qwen3_grpo,aime_2026,eopd_fkl,FKL · EOPD Pure-FKL step 200,1024,0.6333333333333333,63.333333333333329,63.3
qwen3_grpo,aime_2026,exopd,ExOPD · step 100,1,0.076432291666666666,7.643229166666667,7.6
qwen3_grpo,aime_2026,exopd,ExOPD · step 100,2,0.11509239318589116,11.509239318589117,11.5
qwen3_grpo,aime_2026,exopd,ExOPD · step 100,4,0.15300081515895753,15.300081515895753,15.3
qwen3_grpo,aime_2026,exopd,ExOPD · step 100,8,0.1878562555030118,18.78562555030118,18.8
qwen3_grpo,aime_2026,exopd,ExOPD · step 100,16,0.22398716889531217,22.398716889531219,22.4
qwen3_grpo,aime_2026,exopd,ExOPD · step 100,32,0.265925223192085,26.592522319208499,26.6
qwen3_grpo,aime_2026,exopd,ExOPD · step 100,64,0.3177885305526576,31.77885305526576,31.8
qwen3_grpo,aime_2026,exopd,ExOPD · step 100,128,0.3813527639083375,38.135276390833752,38.1
qwen3_grpo,aime_2026,exopd,ExOPD · step 100,256,0.45381920585572622,45.381920585572622,45.4
qwen3_grpo,aime_2026,exopd,ExOPD · step 100,512,0.52349967755348881,52.349967755348878,52.3
qwen3_grpo,aime_2026,exopd,ExOPD · step 100,1024,0.56666666666666665,56.666666666666664,56.7
qwen3_grpo,aime_2026,opd,OPD · Qwen3-1.7B-Base-OPD,1,0.07421875,7.421875,7.4
qwen3_grpo,aime_2026,opd,OPD · Qwen3-1.7B-Base-OPD,2,0.11377560891169762,11.377560891169763,11.4
qwen3_grpo,aime_2026,opd,OPD · Qwen3-1.7B-Base-OPD,4,0.15295653038933577,15.295653038933576,15.3
qwen3_grpo,aime_2026,opd,OPD · Qwen3-1.7B-Base-OPD,8,0.18771245678000231,18.771245678000231,18.8
qwen3_grpo,aime_2026,opd,OPD · Qwen3-1.7B-Base-OPD,16,0.22467186221663957,22.467186221663958,22.5
qwen3_grpo,aime_2026,opd,OPD · Qwen3-1.7B-Base-OPD,32,0.2663325919394714,26.63325919394714,26.6
qwen3_grpo,aime_2026,opd,OPD · Qwen3-1.7B-Base-OPD,64,0.31182723437465548,31.182723437465548,31.2
qwen3_grpo,aime_2026,opd,OPD · Qwen3-1.7B-Base-OPD,128,0.36907208283620296,36.907208283620299,36.9
qwen3_grpo,aime_2026,opd,OPD · Qwen3-1.7B-Base-OPD,256,0.4399664474442917,43.996644744429169,44.0
qwen3_grpo,aime_2026,opd,OPD · Qwen3-1.7B-Base-OPD,512,0.51118774564034819,51.118774564034823,51.1
qwen3_grpo,aime_2026,opd,OPD · Qwen3-1.7B-Base-OPD,1024,0.56666666666666665,56.666666666666664,56.7
qwen3_grpo,amc_2023,after,DOPD · Direct-OPD step 200,1,0.47946777343750002,47.94677734375,47.9
qwen3_grpo,amc_2023,after,DOPD · Direct-OPD step 200,2,0.5922935567876344,59.22935567876344,59.2
qwen3_grpo,amc_2023,after,DOPD · Direct-OPD step 200,4,0.68182554862592348,68.182554862592355,68.2
qwen3_grpo,amc_2023,after,DOPD · Direct-OPD step 200,8,0.75668489296434871,75.668489296434871,75.7
qwen3_grpo,amc_2023,after,DOPD · Direct-OPD step 200,16,0.8141657569068268,81.416575690682677,81.4
qwen3_grpo,amc_2023,after,DOPD · Direct-OPD step 200,32,0.85581950819767494,85.581950819767499,85.6
qwen3_grpo,amc_2023,after,DOPD · Direct-OPD step 200,64,0.89302237338780022,89.302237338780017,89.3
qwen3_grpo,amc_2023,after,DOPD · Direct-OPD step 200,128,0.92364535127026781,92.364535127026784,92.4
qwen3_grpo,amc_2023,after,DOPD · Direct-OPD step 200,256,0.94487597746549612,94.487597746549611,94.5
qwen3_grpo,amc_2023,after,DOPD · Direct-OPD step 200,512,0.96248603722753046,96.248603722753046,96.2
qwen3_grpo,amc_2023,after,DOPD · Direct-OPD step 200,1024,0.97499999999999998,97.5,97.5
qwen3_grpo,amc_2023,before,Base · Qwen3-1.7B-Base,1,0.32275390625,32.275390625,32.3
qwen3_grpo,amc_2023,before,Base · Qwen3-1.7B-Base,2,0.44394746036473609,44.394746036473606,44.4
qwen3_grpo,amc_2023,before,Base · Qwen3-1.7B-Base,4,0.56323245335730487,56.323245335730491,56.3
qwen3_grpo,amc_2023,before,Base · Qwen3-1.7B-Base,8,0.66801523221475434,66.801523221475435,66.8
qwen3_grpo,amc_2023,before,Base · Qwen3-1.7B-Base,16,0.75777284946495116,75.777284946495115,75.8
qwen3_grpo,amc_2023,before,Base · Qwen3-1.7B-Base,32,0.83533127033544341,83.533127033544346,83.5
qwen3_grpo,amc_2023,before,Base · Qwen3-1.7B-Base,64,0.89688014001551308,89.688014001551309,89.7
qwen3_grpo,amc_2023,before,Base · Qwen3-1.7B-Base,128,0.94280685692431798,94.280685692431803,94.3
qwen3_grpo,amc_2023,before,Base · Qwen3-1.7B-Base,256,0.97700221965710221,97.700221965710227,97.7
qwen3_grpo,amc_2023,before,Base · Qwen3-1.7B-Base,512,0.99585983928870603,99.585983928870604,99.6
qwen3_grpo,amc_2023,before,Base · Qwen3-1.7B-Base,1024,1,100,100.0
qwen3_grpo,amc_2023,eopd,EOPD · step 400 (EOS/top-k fix),1,0.46186523437499999,46.1865234375,46.2
qwen3_grpo,amc_2023,eopd,EOPD · step 400 (EOS/top-k fix),2,0.56579110153958945,56.579110153958943,56.6
qwen3_grpo,amc_2023,eopd,EOPD · step 400 (EOS/top-k fix),4,0.65391947771679482,65.391947771679483,65.4
qwen3_grpo,amc_2023,eopd,EOPD · step 400 (EOS/top-k fix),8,0.73441202015376095,73.441202015376092,73.4
qwen3_grpo,amc_2023,eopd,EOPD · step 400 (EOS/top-k fix),16,0.80274546886756926,80.274546886756923,80.3
qwen3_grpo,amc_2023,eopd,EOPD · step 400 (EOS/top-k fix),32,0.84819537106218712,84.819537106218718,84.8
qwen3_grpo,amc_2023,eopd,EOPD · step 400 (EOS/top-k fix),64,0.87992207080806539,87.992207080806537,88.0
qwen3_grpo,amc_2023,eopd,EOPD · step 400 (EOS/top-k fix),128,0.90464163150141097,90.464163150141104,90.5
qwen3_grpo,amc_2023,eopd,EOPD · step 400 (EOS/top-k fix),256,0.91946605479376142,91.946605479376146,91.9
qwen3_grpo,amc_2023,eopd,EOPD · step 400 (EOS/top-k fix),512,0.92460867984119721,92.460867984119716,92.5
qwen3_grpo,amc_2023,eopd,EOPD · step 400 (EOS/top-k fix),1024,0.92500000000000004,92.5,92.5
qwen3_grpo,amc_2023,eopd_fkl,FKL · EOPD Pure-FKL step 200,1,0.4676513671875,46.76513671875,46.8
qwen3_grpo,amc_2023,eopd_fkl,FKL · EOPD Pure-FKL step 200,2,0.57683747441654454,57.683747441654454,57.7
qwen3_grpo,amc_2023,eopd_fkl,FKL · EOPD Pure-FKL step 200,4,0.66899434784821687,66.899434784821693,66.9
qwen3_grpo,amc_2023,eopd_fkl,FKL · EOPD Pure-FKL step 200,8,0.75204845523026342,75.204845523026336,75.2
qwen3_grpo,amc_2023,eopd_fkl,FKL · EOPD Pure-FKL step 200,16,0.82149264001144229,82.149264001144232,82.1
qwen3_grpo,amc_2023,eopd_fkl,FKL · EOPD Pure-FKL step 200,32,0.86982982235124529,86.982982235124524,87.0
qwen3_grpo,amc_2023,eopd_fkl,FKL · EOPD Pure-FKL step 200,64,0.90360357710838746,90.360357710838741,90.4
qwen3_grpo,amc_2023,eopd_fkl,FKL · EOPD Pure-FKL step 200,128,0.92694719638965506,92.694719638965509,92.7
qwen3_grpo,amc_2023,eopd_fkl,FKL · EOPD Pure-FKL step 200,256,0.94593606560093269,94.593606560093264,94.6
qwen3_grpo,amc_2023,eopd_fkl,FKL · EOPD Pure-FKL step 200,512,0.96866110539958494,96.866110539958498,96.9
qwen3_grpo,amc_2023,eopd_fkl,FKL · EOPD Pure-FKL step 200,1024,1,100,100.0
qwen3_grpo,amc_2023,exopd,ExOPD · step 100,1,0.47275390625000002,47.275390625,47.3
qwen3_grpo,amc_2023,exopd,ExOPD · step 100,2,0.56918835532746825,56.918835532746826,56.9
qwen3_grpo,amc_2023,exopd,ExOPD · step 100,4,0.65296966504859189,65.296966504859185,65.3
qwen3_grpo,amc_2023,exopd,ExOPD · step 100,8,0.73273611035317321,73.273611035317316,73.3
qwen3_grpo,amc_2023,exopd,ExOPD · step 100,16,0.80139014938719,80.139014938719001,80.1
qwen3_grpo,amc_2023,exopd,ExOPD · step 100,32,0.84849759383014456,84.849759383014458,84.8
qwen3_grpo,amc_2023,exopd,ExOPD · step 100,64,0.88378423499767866,88.378423499767862,88.4
qwen3_grpo,amc_2023,exopd,ExOPD · step 100,128,0.91482908886597691,91.482908886597698,91.5
qwen3_grpo,amc_2023,exopd,ExOPD · step 100,256,0.93778229853063355,93.778229853063351,93.8
qwen3_grpo,amc_2023,exopd,ExOPD · step 100,512,0.94833437390334563,94.833437390334566,94.8
qwen3_grpo,amc_2023,exopd,ExOPD · step 100,1024,0.94999999999999996,95,95.0
qwen3_grpo,amc_2023,opd,OPD · Qwen3-1.7B-Base-OPD,1,0.45439453125000001,45.439453125,45.4
qwen3_grpo,amc_2023,opd,OPD · Qwen3-1.7B-Base-OPD,2,0.55412857786534697,55.412857786534694,55.4
qwen3_grpo,amc_2023,opd,OPD · Qwen3-1.7B-Base-OPD,4,0.63860597730400281,63.860597730400279,63.9
qwen3_grpo,amc_2023,opd,OPD · Qwen3-1.7B-Base-OPD,8,0.71731553743606524,71.731553743606526,71.7
qwen3_grpo,amc_2023,opd,OPD · Qwen3-1.7B-Base-OPD,16,0.78679414241821288,78.679414241821291,78.7
qwen3_grpo,amc_2023,opd,OPD · Qwen3-1.7B-Base-OPD,32,0.83382700755537564,83.38270075553757,83.4
qwen3_grpo,amc_2023,opd,OPD · Qwen3-1.7B-Base-OPD,64,0.8655508083874458,86.555080838744587,86.6
qwen3_grpo,amc_2023,opd,OPD · Qwen3-1.7B-Base-OPD,128,0.89224795850536165,89.224795850536168,89.2
qwen3_grpo,amc_2023,opd,OPD · Qwen3-1.7B-Base-OPD,256,0.91047002490955797,91.047002490955791,91.0
qwen3_grpo,amc_2023,opd,OPD · Qwen3-1.7B-Base-OPD,512,0.92497508178345433,92.497508178345427,92.5
qwen3_grpo,amc_2023,opd,OPD · Qwen3-1.7B-Base-OPD,1024,0.94999999999999996,95,95.0
