domain,setting_id,benchmark,benchmark_id,questions,samples_per_question,k,tas_at_k,tas_ci_low,tas_ci_high,tas_point_choice,tas_confidence_choice,opd_a_minus_b,observed_choice,tas_hit
Code,qwen_code,HumanEval+,humaneval_plus,164,512,1,0.000518333727683603,-0.0027242196817095577,0.0038093084877873955,A,U,-0.031011814024373863,B,false
Code,qwen_code,HumanEval+,humaneval_plus,164,512,2,0.0007993505714055681,-0.0019632168894285684,0.003533505866527215,A,U,-0.0652299562073304,B,false
Code,qwen_code,HumanEval+,humaneval_plus,164,512,4,0.0014121373548711656,-0.0006302099769301175,0.0038293036885699698,A,U,-0.09016429584965875,B,false
Code,qwen_code,HumanEval+,humaneval_plus,164,512,8,0.0012887885723352705,-0.0003773526267604278,0.003207082394822361,A,U,-0.10444339293250242,B,false
Code,qwen_code,HumanEval+,humaneval_plus,164,512,16,0.00032572661706884945,-0.0010742508142748295,0.0018120736501546402,A,U,-0.10809293715131053,B,false
Code,qwen_code,HumanEval+,humaneval_plus,164,512,32,-0.0002934010761242336,-0.0013557746628234315,0.0006538442715448495,B,U,-0.10716215151862345,B,true
Code,qwen_code,HumanEval+,humaneval_plus,164,512,64,-0.000441763515154707,-0.0013907332011748011,0.0002736442830016394,B,U,-0.106419990915489,B,true
Code,qwen_code,HumanEval+,humaneval_plus,164,512,128,-0.0005014318888873508,-0.001962308133084021,0.00043118935578164314,B,U,-0.10611197059205622,B,true
Code,qwen_code,HumanEval+,humaneval_plus,164,512,256,-0.0008048721576056905,-0.002899200899405042,0.00042281694497389537,B,U,-0.10624804631617432,B,true
Code,qwen_code,HumanEval+,humaneval_plus,164,512,512,-0.0010955189852661805,-0.003494571881916019,0.00020466132311333743,B,U,-0.10365853658536585,B,true
Code,qwen_code,LiveCodeBench v5,livecodebench_v5,880,128,1,-0.0009686520681014722,-0.0017259064847614564,-0.00023451189193193672,B,B,-0.08168501420454674,B,true
Code,qwen_code,LiveCodeBench v5,livecodebench_v5,880,128,2,-0.0009628653294231991,-0.001777216728368941,-0.00013762343384645748,B,B,-0.11156048675733868,B,true
Code,qwen_code,LiveCodeBench v5,livecodebench_v5,880,128,4,-0.0009175958721605794,-0.0017754942617535861,-4.3607043314884466e-05,B,B,-0.13284865208610364,B,true
Code,qwen_code,LiveCodeBench v5,livecodebench_v5,880,128,8,-0.0009197152437583365,-0.0017300444221812967,-0.00014401171980898804,B,B,-0.14502548675962787,B,true
Code,qwen_code,LiveCodeBench v5,livecodebench_v5,880,128,16,-0.0009129371329260109,-0.0015449780204707829,-0.00030462505810710397,B,B,-0.14863743828768428,B,true
Code,qwen_code,LiveCodeBench v5,livecodebench_v5,880,128,32,-0.0007137889717219341,-0.0013061206073827054,-0.00015798364519358535,B,B,-0.14751831618434003,B,true
Code,qwen_code,LiveCodeBench v5,livecodebench_v5,880,128,64,-0.0005088167648461618,-0.0010784553324810074,2.5102373081425865e-05,B,U,-0.14411751060092717,B,true
Code,qwen_code,LiveCodeBench v5,livecodebench_v5,880,128,128,-0.00027596261461256303,-0.0007036260922174748,0.0001311088130767047,B,U,-0.13977272727272727,B,true
Code,qwen_code,LiveCodeBench v6-only,livecodebench_v6_only,175,128,1,-0.0008968212556430081,-0.00195787025644643,1.999322248190933e-05,B,U,-0.027187499999999098,B,true
Code,qwen_code,LiveCodeBench v6-only,livecodebench_v6_only,175,128,2,-0.00112953051401032,-0.002220532403577493,-0.0002369812660086124,B,B,-0.04069178852643413,B,true
Code,qwen_code,LiveCodeBench v6-only,livecodebench_v6_only,175,128,4,-0.0011504141952462495,-0.002094260955087898,-0.0003246059018781162,B,B,-0.05251154373560531,B,true
Code,qwen_code,LiveCodeBench v6-only,livecodebench_v6_only,175,128,8,-0.000923807441660605,-0.0018254995028506203,-0.00016767687278974321,B,B,-0.060870574914135396,B,true
Code,qwen_code,LiveCodeBench v6-only,livecodebench_v6_only,175,128,16,-0.0004938513950744521,-0.0012894602414149556,0.0002381866792334204,B,U,-0.06335309798372066,B,true
Code,qwen_code,LiveCodeBench v6-only,livecodebench_v6_only,175,128,32,-2.7503550606628478e-05,-0.0008219954132981939,0.0008079609730610162,B,U,-0.062242092696079956,B,true
Code,qwen_code,LiveCodeBench v6-only,livecodebench_v6_only,175,128,64,0.0002857486775976441,-0.0006382305545896684,0.0013568609048899174,A,U,-0.06001906525679378,B,false
Code,qwen_code,LiveCodeBench v6-only,livecodebench_v6_only,175,128,128,0.0003620136106476436,-0.0006334374983970214,0.0016396868877523217,A,U,-0.05714285714285714,B,false
Code,qwen_code,MBPP+,mbpp_plus,378,512,1,0.0007544013891330738,-0.002327189636627637,0.0037513157438066533,A,U,-0.012235449735420244,B,false
Code,qwen_code,MBPP+,mbpp_plus,378,512,2,-9.252338078155525e-05,-0.002838615535179748,0.0025879944634320797,B,U,-0.029047160388137292,B,true
Code,qwen_code,MBPP+,mbpp_plus,378,512,4,-0.0005789077647241974,-0.0025843160674369364,0.0014680610628275137,B,U,-0.04588883373802901,B,true
Code,qwen_code,MBPP+,mbpp_plus,378,512,8,-0.0007612343927829321,-0.0024849096956410664,0.0010514021701748507,B,U,-0.06185472270863327,B,true
Code,qwen_code,MBPP+,mbpp_plus,378,512,16,-0.0011417973776774208,-0.002687252796876701,0.00033606351430108436,B,U,-0.07309534621132825,B,true
Code,qwen_code,MBPP+,mbpp_plus,378,512,32,-0.0013559009714782682,-0.003188066153085515,0.00019771390919529823,B,U,-0.08338648933736764,B,true
Code,qwen_code,MBPP+,mbpp_plus,378,512,64,-0.0013473163504590304,-0.003698426609919207,0.0005504619935048249,B,U,-0.09579186681952707,B,true
Code,qwen_code,MBPP+,mbpp_plus,378,512,128,-0.0012554669255255206,-0.003841832449303979,0.0008720892001463418,B,U,-0.10860949693766586,B,true
Code,qwen_code,MBPP+,mbpp_plus,378,512,256,-0.0007146872692001137,-0.002941186630624643,0.001354647078817704,B,U,-0.11757987627185784,B,true
Code,qwen_code,MBPP+,mbpp_plus,378,512,512,-0.0003202052166545875,-0.0020930931021468134,0.001325676860103918,B,U,-0.12169312169312169,B,true
Fact,qwen_fact,2WikiMultiHopQA,2wikimultihopqa,200,1024,1,-4.663313793665674e-05,-0.00041436923959242694,0.0002905262883736625,B,U,0.011127929687523417,A,false
Fact,qwen_fact,2WikiMultiHopQA,2wikimultihopqa,200,1024,2,8.751012572517918e-05,-0.0002916226720835805,0.00046359111216222505,A,U,0.01152223469572741,A,true
Fact,qwen_fact,2WikiMultiHopQA,2wikimultihopqa,200,1024,4,0.00031712951928619513,-6.723419620833299e-05,0.0007943729919029996,A,U,0.010287721503507501,A,true
Fact,qwen_fact,2WikiMultiHopQA,2wikimultihopqa,200,1024,8,0.0005766777359954415,9.446803866371469e-05,0.001209814190147036,A,A,0.009788184372564773,A,true
Fact,qwen_fact,2WikiMultiHopQA,2wikimultihopqa,200,1024,16,0.0007028637915127567,0.00017248629254714256,0.0013609741114023156,A,A,0.009864285149103839,A,true
Fact,qwen_fact,2WikiMultiHopQA,2wikimultihopqa,200,1024,32,0.0006352203865818175,0.00014071115169898767,0.0012711569667269232,A,A,0.011290927744901574,A,true
Fact,qwen_fact,2WikiMultiHopQA,2wikimultihopqa,200,1024,64,0.0004292087902956643,-8.975036265319468e-07,0.0009565838724288217,A,U,0.01487892086991184,A,true
Fact,qwen_fact,2WikiMultiHopQA,2wikimultihopqa,200,1024,128,0.00022539019343401052,-0.00015689471929202574,0.0006593658459595357,A,U,0.017923268909352367,A,true
Fact,qwen_fact,2WikiMultiHopQA,2wikimultihopqa,200,1024,256,0.00016940290954503833,-0.00022933590967549015,0.0006177173454726825,A,U,0.019729726037871948,A,true
Fact,qwen_fact,2WikiMultiHopQA,2wikimultihopqa,200,1024,512,0.00025413926765821825,-0.00014506590960332828,0.0006919926036863574,A,U,0.02190130739667958,A,true
Fact,qwen_fact,2WikiMultiHopQA,2wikimultihopqa,200,1024,1024,0.00028695034042224726,-5.769215574942883e-05,0.0007217990508588241,A,U,0.025,A,true
Fact,qwen_fact,HotpotQA,hotpotqa,200,1024,1,7.209928767555066e-05,-0.0002734954379513731,0.00037614425853257916,A,U,-0.0033593750000061417,B,false
Fact,qwen_fact,HotpotQA,hotpotqa,200,1024,2,0.0001912421612915741,-0.0001809889302335012,0.0005610341400527199,A,U,-0.0031089435178546267,B,false
Fact,qwen_fact,HotpotQA,hotpotqa,200,1024,4,0.0003563230351145927,-1.891471898881889e-05,0.0008410803940409291,A,U,-0.0023451674752942193,B,false
Fact,qwen_fact,HotpotQA,hotpotqa,200,1024,8,0.00040681793947035515,1.4292614101188173e-05,0.0009157918576944476,A,A,-0.000872048389590322,B,false
Fact,qwen_fact,HotpotQA,hotpotqa,200,1024,16,0.0002558574752095812,-0.00010342646692094247,0.0006714297608096554,A,U,0.0016851581293184704,A,true
Fact,qwen_fact,HotpotQA,hotpotqa,200,1024,32,0.0001257888132122942,-0.00024145922047477374,0.0005496283735192412,A,U,0.004876069828524366,A,true
Fact,qwen_fact,HotpotQA,hotpotqa,200,1024,64,0.0002026495745529915,-0.0002441115109040593,0.0007358728873603129,A,U,0.0055147807221312805,A,true
Fact,qwen_fact,HotpotQA,hotpotqa,200,1024,128,0.00030340760221408156,-0.00021958040507683387,0.0009186662406229335,A,U,0.0022249059191222663,A,true
Fact,qwen_fact,HotpotQA,hotpotqa,200,1024,256,0.00024899258332516054,-0.0004030783623931422,0.0010315541550232979,A,U,-0.003928734029498138,B,false
Fact,qwen_fact,HotpotQA,hotpotqa,200,1024,512,8.965145928538332e-05,-0.000573431959156001,0.0008389837240866065,A,U,-0.010299217427530104,B,false
Fact,qwen_fact,HotpotQA,hotpotqa,200,1024,1024,-8.329296582261581e-05,-0.0005485437291462841,0.0003636897789760043,B,U,-0.01,B,true
Fact,qwen_fact,PopQA,popqa,200,1024,1,-0.0007851998437565852,-0.0016259220021537844,-0.00011588944116061795,B,B,-0.016499023437516018,B,true
Fact,qwen_fact,PopQA,popqa,200,1024,2,-0.0008506805566316158,-0.0019731392585243916,7.852739508040379e-06,B,U,-0.01906688164410748,B,true
Fact,qwen_fact,PopQA,popqa,200,1024,4,-0.0009114061229792564,-0.002321974751629055,0.00011165093729478411,B,U,-0.022771977989206826,B,true
Fact,qwen_fact,PopQA,popqa,200,1024,8,-0.0006581194438074209,-0.0018351907362676404,0.0002951761152887917,B,U,-0.02559152159573648,B,true
Fact,qwen_fact,PopQA,popqa,200,1024,16,-0.00021357349638620728,-0.00122319370511128,0.0007283205592645332,B,U,-0.025456210212366114,B,true
Fact,qwen_fact,PopQA,popqa,200,1024,32,-1.791799957185279e-05,-0.000997898415382029,0.0010237255283987036,B,U,-0.023795151805373324,B,true
Fact,qwen_fact,PopQA,popqa,200,1024,64,7.094086288845225e-06,-0.0007899538221735647,0.000801971543156455,A,U,-0.021334248859934703,B,false
Fact,qwen_fact,PopQA,popqa,200,1024,128,-9.285464691613297e-05,-0.0008092919709916292,0.0005678482785216016,B,U,-0.01820354421784391,B,true
Fact,qwen_fact,PopQA,popqa,200,1024,256,-0.00011965542410948087,-0.0008385403648847453,0.0005183375747490333,B,U,-0.015717261413736455,B,true
Fact,qwen_fact,PopQA,popqa,200,1024,512,-0.00017483628280834878,-0.001015961599744909,0.000487471820886626,B,U,-0.015945688447576788,B,true
Fact,qwen_fact,PopQA,popqa,200,1024,1024,-0.0002789398465026787,-0.001211770513005891,0.0003414785362490731,B,U,-0.02,B,true
Fact,qwen_fact,TriviaQA,triviaqa,200,1024,1,-0.00026121806570266024,-0.0012897689367534434,0.0006246412708275068,B,U,-0.00046874999998314015,B,true
Fact,qwen_fact,TriviaQA,triviaqa,200,1024,2,-7.032461813398027e-05,-0.0010696461202302058,0.0008316278836923991,B,U,0.0038204404173109705,A,false
Fact,qwen_fact,TriviaQA,triviaqa,200,1024,4,0.00025811574452891866,-0.0005738552464895181,0.0011264551136201983,A,U,0.009634232576048108,A,true
Fact,qwen_fact,TriviaQA,triviaqa,200,1024,8,0.0004999505860638689,-0.00023427834776612217,0.0013125485838900173,A,U,0.01428601766817731,A,true
Fact,qwen_fact,TriviaQA,triviaqa,200,1024,16,0.00046780617248959127,-0.00025262228128287203,0.001222662130308412,A,U,0.017357889344577646,A,true
Fact,qwen_fact,TriviaQA,triviaqa,200,1024,32,0.0003027307724459015,-0.0003259158577097535,0.0009728916592296338,A,U,0.018915552613671748,A,true
Fact,qwen_fact,TriviaQA,triviaqa,200,1024,64,0.00015038926944656045,-0.0005322743858279836,0.0008945935923316439,A,U,0.018102409085743582,A,true
Fact,qwen_fact,TriviaQA,triviaqa,200,1024,128,2.9022174448656778e-05,-0.0008710475284533592,0.0010522706821753571,A,U,0.014259858650063033,A,true
Fact,qwen_fact,TriviaQA,triviaqa,200,1024,256,-4.017197703734302e-05,-0.0011096992713352965,0.001168649991603777,B,U,0.009903497527383056,A,false
Fact,qwen_fact,TriviaQA,triviaqa,200,1024,512,-0.00012275066145285118,-0.001246461513033835,0.0010025802745870335,B,U,0.010922886293396135,A,false
Fact,qwen_fact,TriviaQA,triviaqa,200,1024,1024,-0.0003251722937898725,-0.001355519381466165,0.0005114150573732559,B,U,0.02,A,false
Math,deepseek_math,AIME2024,aime2024,30,1024,1,-0.0009890154646720118,-0.0014673599025743585,-0.0005372786562026203,B,B,-0.1309244791665558,B,true
Math,deepseek_math,AIME2024,aime2024,30,1024,2,-0.0015317646379698915,-0.0021920470666319273,-0.0008989271546562734,B,B,-0.12254354278676356,B,true
Math,deepseek_math,AIME2024,aime2024,30,1024,4,-0.0019181819504883746,-0.002769965414617834,-0.00112163839531694,B,B,-0.09529460823350352,B,true
Math,deepseek_math,AIME2024,aime2024,30,1024,8,-0.0019503749767989852,-0.0029360210964115944,-0.0010594498138649486,B,B,-0.06725156933190522,B,true
Math,deepseek_math,AIME2024,aime2024,30,1024,16,-0.001663176432404056,-0.0027838157145819095,-0.0007442676021733762,B,B,-0.0486173219424992,B,true
Math,deepseek_math,AIME2024,aime2024,30,1024,32,-0.0012439524773231866,-0.0023651750618475785,-0.0003439347147998703,B,B,-0.03690812396739722,B,true
Math,deepseek_math,AIME2024,aime2024,30,1024,64,-0.0006230258926230407,-0.0013352705799470658,-0.00010085427830073503,B,B,-0.02673393769154376,B,true
Math,deepseek_math,AIME2024,aime2024,30,1024,128,-0.0001261029895981962,-0.0003748160771134907,0.0001078173365450899,B,U,-0.01567869062850578,B,true
Math,deepseek_math,AIME2024,aime2024,30,1024,256,-2.8280791454933174e-05,-0.0003176786510966966,0.00023637545580287568,B,U,-0.0021944690166069035,B,true
Math,deepseek_math,AIME2024,aime2024,30,1024,512,-6.8009739403373e-05,-0.00038122209098047333,0.0001771929187449696,B,U,0.014595546312260595,A,false
Math,deepseek_math,AIME2024,aime2024,30,1024,1024,-7.74788859401839e-05,-0.00028021140422079864,4.777474640092253e-05,B,U,0.03333333333333333,A,false
Math,deepseek_math,AIME2025,aime2025,30,1024,1,-9.224883727920676e-05,-0.0005132303233878481,0.00035823120549801295,B,U,-0.06243489583332748,B,true
Math,deepseek_math,AIME2025,aime2025,30,1024,2,-0.00021875851700577537,-0.0008079057500441778,0.0003441853510599098,B,U,-0.07244719116556916,B,true
Math,deepseek_math,AIME2025,aime2025,30,1024,4,-0.000528854965397182,-0.0013145313317523362,9.777699189123898e-05,B,U,-0.08679616105703646,B,true
Math,deepseek_math,AIME2025,aime2025,30,1024,8,-0.0008553380230731453,-0.0017493763197528483,-0.00015698220654614665,B,B,-0.10203365384328202,B,true
Math,deepseek_math,AIME2025,aime2025,30,1024,16,-0.0008434750838707674,-0.0015312593943860246,-0.00025785558454355194,B,B,-0.10923896014164532,B,true
Math,deepseek_math,AIME2025,aime2025,30,1024,32,-0.0005555139078174586,-0.001034882372682009,-0.00014233700097249802,B,B,-0.10458136282415494,B,true
Math,deepseek_math,AIME2025,aime2025,30,1024,64,-0.0004418570083954812,-0.0010598611708230563,6.389110182983456e-05,B,U,-0.09321340942421916,B,true
Math,deepseek_math,AIME2025,aime2025,30,1024,128,-0.0003876421715853776,-0.0010531502252080923,0.0001658821531964022,B,U,-0.07422049079521005,B,true
Math,deepseek_math,AIME2025,aime2025,30,1024,256,-0.00021687609451359204,-0.0009066101715798671,0.0003813618893197365,B,U,-0.05145979814966298,B,true
Math,deepseek_math,AIME2025,aime2025,30,1024,512,-1.4003169300148717e-05,-0.0007054042857314917,0.0006366599104977885,B,U,-0.03668308138189788,B,true
Math,deepseek_math,AIME2025,aime2025,30,1024,1024,0.00011463309928796969,-0.0002512793205332143,0.0005293570267746934,A,U,-0.03333333333333333,B,false
Math,deepseek_math,AIME2026,aime2026,30,1024,1,-0.0003783233209295347,-0.0009855104663309057,0.0003010953249210596,B,U,-0.09700520833318502,B,true
Math,deepseek_math,AIME2026,aime2026,30,1024,2,-0.0004939429865803959,-0.0014249260840290094,0.0006849883875393569,B,U,-0.10299307337473328,B,true
Math,deepseek_math,AIME2026,aime2026,30,1024,4,-0.00044221900017539907,-0.0017369757144753064,0.001417931144863854,B,U,-0.09745682490727964,B,true
Math,deepseek_math,AIME2026,aime2026,30,1024,8,-0.00022356225624418663,-0.0018892697315174925,0.0023097155089499503,B,U,-0.08064803266264667,B,true
Math,deepseek_math,AIME2026,aime2026,30,1024,16,-0.0002434344398796197,-0.0020889224720091397,0.0023642973772530153,B,U,-0.05651443060469712,B,true
Math,deepseek_math,AIME2026,aime2026,30,1024,32,-0.0006876923906818561,-0.002163057014517137,0.0008908713142447526,B,U,-0.050388676980385676,B,true
Math,deepseek_math,AIME2026,aime2026,30,1024,64,-0.0007805874787659432,-0.0016912073619084166,-1.963053514807647e-05,B,B,-0.061037729683645243,B,true
Math,deepseek_math,AIME2026,aime2026,30,1024,128,-0.000448935316335214,-0.0012809358851899732,0.0002355063771361581,B,U,-0.06093148924393724,B,true
Math,deepseek_math,AIME2026,aime2026,30,1024,256,-0.00013511148798470103,-0.0008736428404356303,0.0005914783201983379,B,U,-0.05087087668260403,B,true
Math,deepseek_math,AIME2026,aime2026,30,1024,512,0.00030630492096437516,-0.0002427791830535718,0.0011494569266773517,A,U,-0.046098893046817906,B,false
Math,deepseek_math,AIME2026,aime2026,30,1024,1024,0.0005048042093964203,-8.410966921021307e-06,0.0014397334300986103,A,U,-0.03333333333333333,B,false
Math,deepseek_math,AMC2023,amc2023,40,1024,1,-0.001954070298022312,-0.003077757374674257,-0.0010126103734379999,B,B,-0.11630859374993356,B,true
Math,deepseek_math,AMC2023,amc2023,40,1024,2,-0.0018597477751539325,-0.003161005680356727,-0.0008361917259101601,B,B,-0.076313395420925,B,true
Math,deepseek_math,AMC2023,amc2023,40,1024,4,-0.0013690140245355084,-0.002490368032867605,-0.0005178275432125988,B,B,-0.0334670018201257,B,true
Math,deepseek_math,AMC2023,amc2023,40,1024,8,-0.0006536299770625164,-0.0012627768515753738,-0.00019919193521399643,B,B,-0.012881428464501434,B,true
Math,deepseek_math,AMC2023,amc2023,40,1024,16,-0.00025021036898862823,-0.0005980923356037876,-4.138504393561329e-05,B,B,-0.010725788610403329,B,true
Math,deepseek_math,AMC2023,amc2023,40,1024,32,-0.00012963123562449591,-0.0002909575007913562,-1.3527921595923871e-06,B,B,-0.017112045628576204,B,true
Math,deepseek_math,AMC2023,amc2023,40,1024,64,-0.00015202268313657753,-0.0003899943347906707,-9.867381004504208e-10,B,B,-0.025940206191852715,B,true
Math,deepseek_math,AMC2023,amc2023,40,1024,128,-0.0001740833180623663,-0.0004528661677886409,-2.715117560298335e-16,B,B,-0.03145115386184129,B,true
Math,deepseek_math,AMC2023,amc2023,40,1024,256,-0.00011624574810563085,-0.0003092232791174986,-1.0419585740557292e-29,B,B,-0.02911400978377287,B,true
Math,deepseek_math,AMC2023,amc2023,40,1024,512,-2.7014354575584527e-05,-7.463527493865732e-05,-5.165691612870119e-57,B,B,-0.02538466561763798,B,true
Math,deepseek_math,AMC2023,amc2023,40,1024,1024,-8.273357658200973e-07,-2.3977527514325013e-06,-1.2608242756414972e-111,B,B,-0.025,B,true
Math,deepseek_math,MATH500,math500,500,256,1,-0.0007584679378168653,-0.0010045026543658278,-0.0005393964519496001,B,B,-0.027617187499996285,B,true
Math,deepseek_math,MATH500,math500,500,256,2,-0.0005153831010767633,-0.0006923404282678324,-0.0003565495624796063,B,B,-0.021686948529414985,B,true
Math,deepseek_math,MATH500,math500,500,256,4,-0.000342489726224657,-0.0005022953427003465,-0.0002063672221079558,B,B,-0.015908572695048164,B,true
Math,deepseek_math,MATH500,math500,500,256,8,-0.00024648854044095897,-0.0003962227780107516,-0.0001248010942585099,B,B,-0.01047053567992465,B,true
Math,deepseek_math,MATH500,math500,500,256,16,-0.00016152622570868668,-0.00025666177277509656,-7.761036335698821e-05,B,B,-0.00660781755866676,B,true
Math,deepseek_math,MATH500,math500,500,256,32,-0.00010558824481208553,-0.0001830541317373065,-3.716513602832305e-05,B,B,-0.005582418855386285,B,true
Math,deepseek_math,MATH500,math500,500,256,64,-8.907754942249113e-05,-0.00017237167221161273,-1.5610698119115954e-05,B,B,-0.0057210822723914945,B,true
Math,deepseek_math,MATH500,math500,500,256,128,-6.989355116712608e-05,-0.00015635249994809996,4.960032379927335e-06,B,U,-0.004756684318109614,B,true
Math,deepseek_math,MATH500,math500,500,256,256,-4.2228457670980056e-05,-0.0001173089518354835,2.138224470334791e-05,B,U,-0.002,B,true
Math,qwen_math,AIME2024,aime2024,30,1024,1,-0.0007142462773630768,-0.0020417786903418893,0.0005512436923016227,B,U,-0.24026692708325767,B,true
Math,qwen_math,AIME2024,aime2024,30,1024,2,-0.0008059540609114213,-0.0022707869079452605,0.0008718428556286744,B,U,-0.26031248727185496,B,true
Math,qwen_math,AIME2024,aime2024,30,1024,4,-0.000490046489371142,-0.0022597793317527615,0.0019887057010267504,B,U,-0.27350054877483204,B,true
Math,qwen_math,AIME2024,aime2024,30,1024,8,-0.000299360337668091,-0.002418649594469225,0.0028926456846906272,B,U,-0.2694503242697085,B,true
Math,qwen_math,AIME2024,aime2024,30,1024,16,-0.0007144010143439631,-0.0030132645829074756,0.002263350696815515,B,U,-0.23804024061624623,B,true
Math,qwen_math,AIME2024,aime2024,30,1024,32,-0.0014780000100563068,-0.003201315827661256,0.00028007389684569204,B,U,-0.20402753325428943,B,true
Math,qwen_math,AIME2024,aime2024,30,1024,64,-0.0014970882459696363,-0.002744372696683367,-0.00041632867979097426,B,B,-0.1902852022718586,B,true
Math,qwen_math,AIME2024,aime2024,30,1024,128,-0.0011514874567262587,-0.0024697351697415097,-8.812143627101694e-06,B,B,-0.18410342137415814,B,true
Math,qwen_math,AIME2024,aime2024,30,1024,256,-0.0011047398630072826,-0.002820108907696206,0.0004233973446978227,B,U,-0.1648016217319694,B,true
Math,qwen_math,AIME2024,aime2024,30,1024,512,-0.001190491603217184,-0.0035152839028936463,0.0008233615769515293,B,U,-0.12581533336776105,B,true
Math,qwen_math,AIME2024,aime2024,30,1024,1024,-0.001428905267824898,-0.00415019132605779,0.0007799401953654981,B,U,-0.06666666666666667,B,true
Math,qwen_math,AIME2025,aime2025,30,1024,1,-0.0005281107772911711,-0.0018553132496289637,0.0005637991546092456,B,U,-0.20475260416668506,B,true
Math,qwen_math,AIME2025,aime2025,30,1024,2,-0.0007400920271660058,-0.00216243949693618,0.00022877890058187932,B,U,-0.21974139072186855,B,true
Math,qwen_math,AIME2025,aime2025,30,1024,4,-0.0007864498726670012,-0.0018130842358768493,-2.7718153429339818e-05,B,B,-0.23868756287149803,B,true
Math,qwen_math,AIME2025,aime2025,30,1024,8,-0.0007048084180728159,-0.001452785932893286,-0.00010185695928672674,B,B,-0.24845456653639092,B,true
Math,qwen_math,AIME2025,aime2025,30,1024,16,-0.0007691960613754659,-0.0015082400456825813,-0.0001085545564359756,B,B,-0.2386104852901264,B,true
Math,qwen_math,AIME2025,aime2025,30,1024,32,-0.0010365265938859461,-0.0020366303878116047,-0.00017340276677211265,B,B,-0.2197070769189184,B,true
Math,qwen_math,AIME2025,aime2025,30,1024,64,-0.0013729775527308733,-0.002649670906673712,-0.0003339710942382808,B,B,-0.2002520186133471,B,true
Math,qwen_math,AIME2025,aime2025,30,1024,128,-0.0015158630675470915,-0.003079133979541192,-0.000258089362901575,B,B,-0.1721552989921774,B,true
Math,qwen_math,AIME2025,aime2025,30,1024,256,-0.0015583225777835916,-0.0034945711439505747,-4.4521260401736554e-05,B,B,-0.1384638670507781,B,true
Math,qwen_math,AIME2025,aime2025,30,1024,512,-0.0015931863888944018,-0.003438659637456978,-1.9970329164433866e-05,B,B,-0.11259897987356444,B,true
Math,qwen_math,AIME2025,aime2025,30,1024,1024,-0.0014239525787970314,-0.003108780528073048,-2.494878008909942e-05,B,B,-0.1,B,true
Math,qwen_math,AIME2026,aime2026,30,1024,1,-0.00013024851484835488,-0.000445946668901228,0.00015880979648008066,B,U,-0.22376302083314842,B,true
Math,qwen_math,AIME2026,aime2026,30,1024,2,-0.0001685941547500872,-0.0005646654076550183,0.0002858637960693502,B,U,-0.26559292521979894,B,true
Math,qwen_math,AIME2026,aime2026,30,1024,4,-0.00018194495657758845,-0.0007199311273722035,0.00045297627394565046,B,U,-0.29490880522677837,B,true
Math,qwen_math,AIME2026,aime2026,30,1024,8,-0.0002827344222250671,-0.001001074593168681,0.0005171510578186673,B,U,-0.30571201506881424,B,true
Math,qwen_math,AIME2026,aime2026,30,1024,16,-0.0005271712921974307,-0.001271185415961014,0.00016910665743370462,B,U,-0.2919348127244703,B,true
Math,qwen_math,AIME2026,aime2026,30,1024,32,-0.0006919801280746,-0.0012286845250427199,-0.00023545267239309867,B,B,-0.2614537394482524,B,true
Math,qwen_math,AIME2026,aime2026,30,1024,64,-0.0007182087476912367,-0.0012421764883376021,-0.00026101473541574746,B,B,-0.22425258349072635,B,true
Math,qwen_math,AIME2026,aime2026,30,1024,128,-0.0009440019596499674,-0.0018397203302517044,-0.00019774719167427136,B,B,-0.17559369393602742,B,true
Math,qwen_math,AIME2026,aime2026,30,1024,256,-0.0013425827631610512,-0.002761136662321726,-0.00018742042203881502,B,B,-0.1081449298367542,B,true
Math,qwen_math,AIME2026,aime2026,30,1024,512,-0.001558118564571917,-0.0034219418216063285,-9.581955756194307e-05,B,B,-0.03496819955202457,B,true
Math,qwen_math,AIME2026,aime2026,30,1024,1024,-0.001304132238410209,-0.003148889878897463,5.536755902703337e-05,B,U,0.03333333333333333,A,false
Math,qwen_math,AMC2023,amc2023,40,1024,1,-0.001993750795460139,-0.0032424981091591035,-0.0007138366925601745,B,B,-0.3238525390621595,B,true
Math,qwen_math,AMC2023,amc2023,40,1024,2,-0.0021606414322577544,-0.0035735745634705453,-0.0008117828547840472,B,B,-0.2519309303975643,B,true
Math,qwen_math,AMC2023,amc2023,40,1024,4,-0.0018915315235402124,-0.0033584705510131653,-0.000547740237992483,B,B,-0.18055375114945943,B,true
Math,qwen_math,AMC2023,amc2023,40,1024,8,-0.0010924266758407465,-0.0022631081763891257,9.105095271367403e-05,B,U,-0.12418568397442926,B,true
Math,qwen_math,AMC2023,amc2023,40,1024,16,-0.0003369413516574941,-0.0012609377393322757,0.0007210487890610911,B,U,-0.08091298695841627,B,true
Math,qwen_math,AMC2023,amc2023,40,1024,32,-0.00012158736576034404,-0.0010763772494530451,0.0009172308545002861,B,U,-0.045767817504775696,B,true
Math,qwen_math,AMC2023,amc2023,40,1024,64,-0.00014782324551880556,-0.0013551744448011688,0.0009357740298385647,B,U,-0.018908042043161277,B,true
Math,qwen_math,AMC2023,amc2023,40,1024,128,-0.00042463207147959566,-0.002016158585913214,0.0005887957253987085,B,U,-0.0012789916117007638,B,true
Math,qwen_math,AMC2023,amc2023,40,1024,256,-0.0007229796255663285,-0.0024900254743212527,0.00024537746295662477,B,U,0.011321808948803972,A,false
Math,qwen_math,AMC2023,amc2023,40,1024,512,-0.0005446527258686563,-0.0018396962264171693,0.0002044616287625148,B,U,0.02169317032107519,A,false
Math,qwen_math,AMC2023,amc2023,40,1024,1024,-0.00013510047193563676,-0.0004961719952542537,9.086989373081299e-05,B,U,0.025,A,false
