domain,setting_id,checkpoint,dataset,k,samples_per_problem,pass_at_k,pass_at_k_percent_1dp
Code,qwen3_rlcode,Base,humaneval_plus,1,512,0.56202362804878048,56.2
Code,qwen3_rlcode,Base,humaneval_plus,2,512,0.60315545610889698,60.3
Code,qwen3_rlcode,Base,humaneval_plus,4,512,0.63607288412114138,63.6
Code,qwen3_rlcode,Base,humaneval_plus,8,512,0.66563764816734483,66.6
Code,qwen3_rlcode,Base,humaneval_plus,16,512,0.69175160434936356,69.2
Code,qwen3_rlcode,Base,humaneval_plus,32,512,0.71118185988059501,71.1
Code,qwen3_rlcode,Base,humaneval_plus,64,512,0.72274202714068103,72.3
Code,qwen3_rlcode,Base,humaneval_plus,128,512,0.72935681351353199,72.9
Code,qwen3_rlcode,Base,humaneval_plus,256,512,0.73394155461527499,73.4
Code,qwen3_rlcode,Base,humaneval_plus,512,512,0.73780487804878048,73.8
Code,qwen3_rlcode,Base,livecodebench_v5,1,128,0.26039595170454544,26.0
Code,qwen3_rlcode,Base,livecodebench_v5,2,128,0.29845176046886185,29.8
Code,qwen3_rlcode,Base,livecodebench_v5,4,128,0.33259304536506801,33.3
Code,qwen3_rlcode,Base,livecodebench_v5,8,128,0.36227299983437783,36.2
Code,qwen3_rlcode,Base,livecodebench_v5,16,128,0.38818935289649342,38.8
Code,qwen3_rlcode,Base,livecodebench_v5,32,128,0.41103760985669952,41.1
Code,qwen3_rlcode,Base,livecodebench_v5,64,128,0.43085538512445321,43.1
Code,qwen3_rlcode,Base,livecodebench_v5,128,128,0.44772727272727275,44.8
Code,qwen3_rlcode,Base,livecodebench_v6,1,128,0.15549107142857144,15.5
Code,qwen3_rlcode,Base,livecodebench_v6,2,128,0.17730455568053993,17.7
Code,qwen3_rlcode,Base,livecodebench_v6,4,128,0.19638666238148803,19.6
Code,qwen3_rlcode,Base,livecodebench_v6,8,128,0.21444284039575445,21.4
Code,qwen3_rlcode,Base,livecodebench_v6,16,128,0.23243392468724805,23.2
Code,qwen3_rlcode,Base,livecodebench_v6,32,128,0.2511924770671608,25.1
Code,qwen3_rlcode,Base,livecodebench_v6,64,128,0.27090901079150004,27.1
Code,qwen3_rlcode,Base,livecodebench_v6,128,128,0.29142857142857143,29.1
Code,qwen3_rlcode,Base,mbpp_plus,1,512,0.48575975529100529,48.6
Code,qwen3_rlcode,Base,mbpp_plus,2,512,0.51360703980031897,51.4
Code,qwen3_rlcode,Base,mbpp_plus,4,512,0.53521901969036101,53.5
Code,qwen3_rlcode,Base,mbpp_plus,8,512,0.55348351259194195,55.3
Code,qwen3_rlcode,Base,mbpp_plus,16,512,0.56906090821465705,56.9
Code,qwen3_rlcode,Base,mbpp_plus,32,512,0.58130746075560058,58.1
Code,qwen3_rlcode,Base,mbpp_plus,64,512,0.59069170409057303,59.1
Code,qwen3_rlcode,Base,mbpp_plus,128,512,0.59856114143663863,59.9
Code,qwen3_rlcode,Base,mbpp_plus,256,512,0.60584329890407762,60.6
Code,qwen3_rlcode,Base,mbpp_plus,512,512,0.61375661375661372,61.4
Code,qwen3_rlcode,Step 100,humaneval_plus,1,256,0.59548875762195119,59.5
Code,qwen3_rlcode,Step 100,humaneval_plus,2,256,0.66983762254901957,67.0
Code,qwen3_rlcode,Step 100,humaneval_plus,4,256,0.73423003774434747,73.4
Code,qwen3_rlcode,Step 100,humaneval_plus,8,256,0.7894002341013836,78.9
Code,qwen3_rlcode,Step 100,humaneval_plus,16,256,0.8321972936829265,83.2
Code,qwen3_rlcode,Step 100,humaneval_plus,32,256,0.85941750304298181,85.9
Code,qwen3_rlcode,Step 100,humaneval_plus,64,256,0.87480924277523631,87.5
Code,qwen3_rlcode,Step 100,humaneval_plus,128,256,0.88533586987909385,88.5
Code,qwen3_rlcode,Step 100,humaneval_plus,256,256,0.89634146341463417,89.6
Code,qwen3_rlcode,Step 100,livecodebench_v5,1,128,0.34674183238636364,34.7
Code,qwen3_rlcode,Step 100,livecodebench_v5,2,128,0.41943841714387975,41.9
Code,qwen3_rlcode,Step 100,livecodebench_v5,4,128,0.48213924534291169,48.2
Code,qwen3_rlcode,Step 100,livecodebench_v5,8,128,0.53388743726760701,53.4
Code,qwen3_rlcode,Step 100,livecodebench_v5,16,128,0.5766215872707392,57.7
Code,qwen3_rlcode,Step 100,livecodebench_v5,32,128,0.61112144507127486,61.1
Code,qwen3_rlcode,Step 100,livecodebench_v5,64,128,0.63852970781014562,63.9
Code,qwen3_rlcode,Step 100,livecodebench_v5,128,128,0.66022727272727277,66.0
Code,qwen3_rlcode,Step 100,livecodebench_v6,1,128,0.21464285714285714,21.5
Code,qwen3_rlcode,Step 100,livecodebench_v6,2,128,0.25184266029246344,25.2
Code,qwen3_rlcode,Step 100,livecodebench_v6,4,128,0.28578072312389524,28.6
Code,qwen3_rlcode,Step 100,livecodebench_v6,8,128,0.31552733511894748,31.6
Code,qwen3_rlcode,Step 100,livecodebench_v6,16,128,0.34144672052057295,34.1
Code,qwen3_rlcode,Step 100,livecodebench_v6,32,128,0.36382136676909638,36.4
Code,qwen3_rlcode,Step 100,livecodebench_v6,64,128,0.38450559184405603,38.5
Code,qwen3_rlcode,Step 100,livecodebench_v6,128,128,0.40571428571428569,40.6
Code,qwen3_rlcode,Step 100,mbpp_plus,1,256,0.50797784391534395,50.8
Code,qwen3_rlcode,Step 100,mbpp_plus,2,256,0.56011888551716982,56.0
Code,qwen3_rlcode,Step 100,mbpp_plus,4,256,0.60491030924038858,60.5
Code,qwen3_rlcode,Step 100,mbpp_plus,8,256,0.6444871564346667,64.4
Code,qwen3_rlcode,Step 100,mbpp_plus,16,256,0.67801570426038937,67.8
Code,qwen3_rlcode,Step 100,mbpp_plus,32,256,0.70761175250757369,70.8
Code,qwen3_rlcode,Step 100,mbpp_plus,64,256,0.73571038810593437,73.6
Code,qwen3_rlcode,Step 100,mbpp_plus,128,256,0.76069019654908288,76.1
Code,qwen3_rlcode,Step 100,mbpp_plus,256,256,0.78042328042328046,78.0
Code,qwen3_rlcode,Step 200,humaneval_plus,1,256,0.61104230182926833,61.1
Code,qwen3_rlcode,Step 200,humaneval_plus,2,256,0.68925697184361545,68.9
Code,qwen3_rlcode,Step 200,humaneval_plus,4,256,0.75695284040145105,75.7
Code,qwen3_rlcode,Step 200,humaneval_plus,8,256,0.81318560548911401,81.3
Code,qwen3_rlcode,Step 200,humaneval_plus,16,256,0.85142982660652566,85.1
Code,qwen3_rlcode,Step 200,humaneval_plus,32,256,0.87299202505014484,87.3
Code,qwen3_rlcode,Step 200,humaneval_plus,64,256,0.88680084987594077,88.7
Code,qwen3_rlcode,Step 200,humaneval_plus,128,256,0.89825153173090788,89.8
Code,qwen3_rlcode,Step 200,humaneval_plus,256,256,0.90853658536585369,90.9
Code,qwen3_rlcode,Step 200,livecodebench_v5,1,128,0.35386186079545456,35.4
Code,qwen3_rlcode,Step 200,livecodebench_v5,2,128,0.42961689669828201,43.0
Code,qwen3_rlcode,Step 200,livecodebench_v5,4,128,0.49443090679006035,49.4
Code,qwen3_rlcode,Step 200,livecodebench_v5,8,128,0.5468698775735058,54.7
Code,qwen3_rlcode,Step 200,livecodebench_v5,16,128,0.58889709358664466,58.9
Code,qwen3_rlcode,Step 200,livecodebench_v5,32,128,0.62408875563311672,62.4
Code,qwen3_rlcode,Step 200,livecodebench_v5,64,128,0.6546172097410109,65.5
Code,qwen3_rlcode,Step 200,livecodebench_v5,128,128,0.67954545454545456,68.0
Code,qwen3_rlcode,Step 200,livecodebench_v6,1,128,0.21236607142857142,21.2
Code,qwen3_rlcode,Step 200,livecodebench_v6,2,128,0.2539025590551181,25.4
Code,qwen3_rlcode,Step 200,livecodebench_v6,4,128,0.29272691734961703,29.3
Code,qwen3_rlcode,Step 200,livecodebench_v6,8,128,0.3239197200240872,32.4
Code,qwen3_rlcode,Step 200,livecodebench_v6,16,128,0.3471072339785588,34.7
Code,qwen3_rlcode,Step 200,livecodebench_v6,32,128,0.36538865014637095,36.5
Code,qwen3_rlcode,Step 200,livecodebench_v6,64,128,0.38171907921242237,38.2
Code,qwen3_rlcode,Step 200,livecodebench_v6,128,128,0.39428571428571429,39.4
Code,qwen3_rlcode,Step 200,mbpp_plus,1,256,0.50381324404761907,50.4
Code,qwen3_rlcode,Step 200,mbpp_plus,2,256,0.55724984438219727,55.7
Code,qwen3_rlcode,Step 200,mbpp_plus,4,256,0.60285838499109667,60.3
Code,qwen3_rlcode,Step 200,mbpp_plus,8,256,0.64257764915979432,64.3
Code,qwen3_rlcode,Step 200,mbpp_plus,16,256,0.67758356742903147,67.8
Code,qwen3_rlcode,Step 200,mbpp_plus,32,256,0.70841975922563838,70.8
Code,qwen3_rlcode,Step 200,mbpp_plus,64,256,0.73355689670233148,73.4
Code,qwen3_rlcode,Step 200,mbpp_plus,128,256,0.75381147583165886,75.4
Code,qwen3_rlcode,Step 200,mbpp_plus,256,256,0.76719576719576721,76.7
Code,qwen3_rlcode,Step 300,humaneval_plus,1,256,0.61652057926829273,61.7
Code,qwen3_rlcode,Step 300,humaneval_plus,2,256,0.69933550783118126,69.9
Code,qwen3_rlcode,Step 300,humaneval_plus,4,256,0.76683042041045701,76.7
Code,qwen3_rlcode,Step 300,humaneval_plus,8,256,0.81965445400364545,82.0
Code,qwen3_rlcode,Step 300,humaneval_plus,16,256,0.85582839737619132,85.6
Code,qwen3_rlcode,Step 300,humaneval_plus,32,256,0.8801641113375267,88.0
Code,qwen3_rlcode,Step 300,humaneval_plus,64,256,0.89802824547579807,89.8
Code,qwen3_rlcode,Step 300,humaneval_plus,128,256,0.90952169761156609,91.0
Code,qwen3_rlcode,Step 300,humaneval_plus,256,256,0.91463414634146345,91.5
Code,qwen3_rlcode,Step 300,livecodebench_v5,1,128,0.35789240056818183,35.8
Code,qwen3_rlcode,Step 300,livecodebench_v5,2,128,0.43634420297959914,43.6
Code,qwen3_rlcode,Step 300,livecodebench_v5,4,128,0.50317918701213482,50.3
Code,qwen3_rlcode,Step 300,livecodebench_v5,8,128,0.55719108239664972,55.7
Code,qwen3_rlcode,Step 300,livecodebench_v5,16,128,0.60007414539113746,60.0
Code,qwen3_rlcode,Step 300,livecodebench_v5,32,128,0.63612415156627811,63.6
Code,qwen3_rlcode,Step 300,livecodebench_v5,64,128,0.66733301129090306,66.7
Code,qwen3_rlcode,Step 300,livecodebench_v5,128,128,0.69204545454545452,69.2
Code,qwen3_rlcode,Step 300,livecodebench_v6,1,128,0.2113392857142857,21.1
Code,qwen3_rlcode,Step 300,livecodebench_v6,2,128,0.25622609673790775,25.6
Code,qwen3_rlcode,Step 300,livecodebench_v6,4,128,0.29676151641759063,29.7
Code,qwen3_rlcode,Step 300,livecodebench_v6,8,128,0.32905609110403256,32.9
Code,qwen3_rlcode,Step 300,livecodebench_v6,16,128,0.35144959061984449,35.1
Code,qwen3_rlcode,Step 300,livecodebench_v6,32,128,0.36695254454222109,36.7
Code,qwen3_rlcode,Step 300,livecodebench_v6,64,128,0.37985894767196454,38.0
Code,qwen3_rlcode,Step 300,livecodebench_v6,128,128,0.38857142857142857,38.9
Code,qwen3_rlcode,Step 300,mbpp_plus,1,256,0.50326554232804233,50.3
Code,qwen3_rlcode,Step 300,mbpp_plus,2,256,0.55968356092436977,56.0
Code,qwen3_rlcode,Step 300,mbpp_plus,4,256,0.60753942068746003,60.8
Code,qwen3_rlcode,Step 300,mbpp_plus,8,256,0.64753262718301552,64.8
Code,qwen3_rlcode,Step 300,mbpp_plus,16,256,0.6798762940669254,68.0
Code,qwen3_rlcode,Step 300,mbpp_plus,32,256,0.70807189702115259,70.8
Code,qwen3_rlcode,Step 300,mbpp_plus,64,256,0.73481265352139924,73.5
Code,qwen3_rlcode,Step 300,mbpp_plus,128,256,0.759290972034391,75.9
Code,qwen3_rlcode,Step 300,mbpp_plus,256,256,0.77777777777777779,77.8
Code,qwen3_rlcode,Step 400,humaneval_plus,1,512,0.61998618521341464,62.0
Code,qwen3_rlcode,Step 400,humaneval_plus,2,512,0.7047262529980669,70.5
Code,qwen3_rlcode,Step 400,humaneval_plus,4,512,0.77300055144030166,77.3
Code,qwen3_rlcode,Step 400,humaneval_plus,8,512,0.82529210899083572,82.5
Code,qwen3_rlcode,Step 400,humaneval_plus,16,512,0.86059141851747611,86.1
Code,qwen3_rlcode,Step 400,humaneval_plus,32,512,0.88352645030139143,88.4
Code,qwen3_rlcode,Step 400,humaneval_plus,64,512,0.89876012414066975,89.9
Code,qwen3_rlcode,Step 400,humaneval_plus,128,512,0.90858764175759077,90.9
Code,qwen3_rlcode,Step 400,humaneval_plus,256,512,0.9160752840180677,91.6
Code,qwen3_rlcode,Step 400,humaneval_plus,512,512,0.92073170731707321,92.1
Code,qwen3_rlcode,Step 400,livecodebench_v5,1,128,0.36116832386363634,36.1
Code,qwen3_rlcode,Step 400,livecodebench_v5,2,128,0.4387705798138869,43.9
Code,qwen3_rlcode,Step 400,livecodebench_v5,4,128,0.50420307067440429,50.4
Code,qwen3_rlcode,Step 400,livecodebench_v5,8,128,0.55604584732086615,55.6
Code,qwen3_rlcode,Step 400,livecodebench_v5,16,128,0.59614655574839037,59.6
Code,qwen3_rlcode,Step 400,livecodebench_v5,32,128,0.62965289468507779,63.0
Code,qwen3_rlcode,Step 400,livecodebench_v5,64,128,0.6580466136823141,65.8
Code,qwen3_rlcode,Step 400,livecodebench_v5,128,128,0.68068181818181817,68.1
Code,qwen3_rlcode,Step 400,livecodebench_v6,1,128,0.21651785714285715,21.7
Code,qwen3_rlcode,Step 400,livecodebench_v6,2,128,0.26023129921259841,26.0
Code,qwen3_rlcode,Step 400,livecodebench_v6,4,128,0.29985460549574161,30.0
Code,qwen3_rlcode,Step 400,livecodebench_v6,8,128,0.33248142431336153,33.2
Code,qwen3_rlcode,Step 400,livecodebench_v6,16,128,0.35539153707727916,35.5
Code,qwen3_rlcode,Step 400,livecodebench_v6,32,128,0.37163179593448825,37.2
Code,qwen3_rlcode,Step 400,livecodebench_v6,64,128,0.38576160943707771,38.6
Code,qwen3_rlcode,Step 400,livecodebench_v6,128,128,0.40000000000000002,40.0
Code,qwen3_rlcode,Step 400,mbpp_plus,1,512,0.50836536871693117,50.8
Code,qwen3_rlcode,Step 400,mbpp_plus,2,512,0.56452908289457338,56.5
Code,qwen3_rlcode,Step 400,mbpp_plus,4,512,0.61172416322231271,61.2
Code,qwen3_rlcode,Step 400,mbpp_plus,8,512,0.65114671262012813,65.1
Code,qwen3_rlcode,Step 400,mbpp_plus,16,512,0.68360367621893781,68.4
Code,qwen3_rlcode,Step 400,mbpp_plus,32,512,0.7125843082067026,71.3
Code,qwen3_rlcode,Step 400,mbpp_plus,64,512,0.73989488784872592,74.0
Code,qwen3_rlcode,Step 400,mbpp_plus,128,512,0.76524361551602194,76.5
Code,qwen3_rlcode,Step 400,mbpp_plus,256,512,0.78608221806333667,78.6
Code,qwen3_rlcode,Step 400,mbpp_plus,512,512,0.80158730158730163,80.2
Code,qwen3_rlcode,Step 500,humaneval_plus,1,256,0.62602419969512191,62.6
Code,qwen3_rlcode,Step 500,humaneval_plus,2,256,0.71500440877570537,71.5
Code,qwen3_rlcode,Step 500,humaneval_plus,4,256,0.78308271153639464,78.3
Code,qwen3_rlcode,Step 500,humaneval_plus,8,256,0.83284067286000374,83.3
Code,qwen3_rlcode,Step 500,humaneval_plus,16,256,0.86821542389206441,86.8
Code,qwen3_rlcode,Step 500,humaneval_plus,32,256,0.89253905898835639,89.3
Code,qwen3_rlcode,Step 500,humaneval_plus,64,256,0.90728114792778725,90.7
Code,qwen3_rlcode,Step 500,humaneval_plus,128,256,0.91761345355700041,91.8
Code,qwen3_rlcode,Step 500,humaneval_plus,256,256,0.92682926829268297,92.7
Code,qwen3_rlcode,Step 500,livecodebench_v5,1,128,0.36984197443181815,37.0
Code,qwen3_rlcode,Step 500,livecodebench_v5,2,128,0.44773412334466717,44.8
Code,qwen3_rlcode,Step 500,livecodebench_v5,4,128,0.5124706642848621,51.2
Code,qwen3_rlcode,Step 500,livecodebench_v5,8,128,0.56385908624153069,56.4
Code,qwen3_rlcode,Step 500,livecodebench_v5,16,128,0.6040723776415764,60.4
Code,qwen3_rlcode,Step 500,livecodebench_v5,32,128,0.63684833193501689,63.7
Code,qwen3_rlcode,Step 500,livecodebench_v5,64,128,0.66325664683471319,66.3
Code,qwen3_rlcode,Step 500,livecodebench_v5,128,128,0.68409090909090908,68.4
Code,qwen3_rlcode,Step 500,livecodebench_v6,1,128,0.22174107142857144,22.2
Code,qwen3_rlcode,Step 500,livecodebench_v6,2,128,0.26586332958380204,26.6
Code,qwen3_rlcode,Step 500,livecodebench_v6,4,128,0.30512455621618728,30.5
Code,qwen3_rlcode,Step 500,livecodebench_v6,8,128,0.33608966433086462,33.6
Code,qwen3_rlcode,Step 500,livecodebench_v6,16,128,0.35877100741479351,35.9
Code,qwen3_rlcode,Step 500,livecodebench_v6,32,128,0.37623977351547311,37.6
Code,qwen3_rlcode,Step 500,livecodebench_v6,64,128,0.39007798882834172,39.0
Code,qwen3_rlcode,Step 500,livecodebench_v6,128,128,0.40000000000000002,40.0
Code,qwen3_rlcode,Step 500,mbpp_plus,1,256,0.50366856812169314,50.4
Code,qwen3_rlcode,Step 500,mbpp_plus,2,256,0.56064352824463115,56.1
Code,qwen3_rlcode,Step 500,mbpp_plus,4,256,0.60830579845440536,60.8
Code,qwen3_rlcode,Step 500,mbpp_plus,8,256,0.64746819814524714,64.7
Code,qwen3_rlcode,Step 500,mbpp_plus,16,256,0.67767273643457204,67.8
Code,qwen3_rlcode,Step 500,mbpp_plus,32,256,0.70423808343309813,70.4
Code,qwen3_rlcode,Step 500,mbpp_plus,64,256,0.73128212133599524,73.1
Code,qwen3_rlcode,Step 500,mbpp_plus,128,256,0.75919166541650962,75.9
Code,qwen3_rlcode,Step 500,mbpp_plus,256,256,0.7857142857142857,78.6
Math,skywork,Base,aime_2024,1,1024,0.29931640625,29.9
Math,skywork,Base,aime_2024,2,1024,0.40751644468882375,40.8
Math,skywork,Base,aime_2024,4,1024,0.51741945573211989,51.7
Math,skywork,Base,aime_2024,8,1024,0.61815738201423664,61.8
Math,skywork,Base,aime_2024,16,1024,0.70011584264580839,70.0
Math,skywork,Base,aime_2024,32,1024,0.76049502128577262,76.0
Math,skywork,Base,aime_2024,64,1024,0.79970713446008412,80.0
Math,skywork,Base,aime_2024,128,1024,0.82063383334346973,82.1
Math,skywork,Base,aime_2024,256,1024,0.83739108070506996,83.7
Math,skywork,Base,aime_2024,512,1024,0.85627035894558745,85.6
Math,skywork,Base,aime_2024,1024,1024,0.8666666666666667,86.7
Math,skywork,Base,aime_2025,1,1024,0.23404947916666666,23.4
Math,skywork,Base,aime_2025,2,1024,0.29327244216357118,29.3
Math,skywork,Base,aime_2025,4,1024,0.34588893952866789,34.6
Math,skywork,Base,aime_2025,8,1024,0.40164841301134452,40.2
Math,skywork,Base,aime_2025,16,1024,0.46227190483281255,46.2
Math,skywork,Base,aime_2025,32,1024,0.52134064552774795,52.1
Math,skywork,Base,aime_2025,64,1024,0.57989583544746948,58.0
Math,skywork,Base,aime_2025,128,1024,0.6410084346369268,64.1
Math,skywork,Base,aime_2025,256,1024,0.69505049323937529,69.5
Math,skywork,Base,aime_2025,512,1024,0.73634703037963756,73.6
Math,skywork,Base,aime_2025,1024,1024,0.76666666666666672,76.7
Math,skywork,Base,aime_2026,1,1024,0.2060546875,20.6
Math,skywork,Base,aime_2026,2,1024,0.28579367261322908,28.6
Math,skywork,Base,aime_2026,4,1024,0.36911698921255881,36.9
Math,skywork,Base,aime_2026,8,1024,0.44958398759937707,45.0
Math,skywork,Base,aime_2026,16,1024,0.52873427721558908,52.9
Math,skywork,Base,aime_2026,32,1024,0.60829373337927217,60.8
Math,skywork,Base,aime_2026,64,1024,0.6821061565781863,68.2
Math,skywork,Base,aime_2026,128,1024,0.74363392188778132,74.4
Math,skywork,Base,aime_2026,256,1024,0.79172392247976375,79.2
Math,skywork,Base,aime_2026,512,1024,0.82865140658665459,82.9
Math,skywork,Base,aime_2026,1024,1024,0.8666666666666667,86.7
Math,skywork,Base,amc_2023,1,1024,0.72231445312499998,72.2
Math,skywork,Base,amc_2023,2,1024,0.82483108237108993,82.5
Math,skywork,Base,amc_2023,4,1024,0.89771393470041616,89.8
Math,skywork,Base,amc_2023,8,1024,0.93642317374673001,93.6
Math,skywork,Base,amc_2023,16,1024,0.95328193640143777,95.3
Math,skywork,Base,amc_2023,32,1024,0.96221824994193705,96.2
Math,skywork,Base,amc_2023,64,1024,0.97203481365499766,97.2
Math,skywork,Base,amc_2023,128,1024,0.98490798731570783,98.5
Math,skywork,Base,amc_2023,256,1024,0.99613279755609907,99.6
Math,skywork,Base,amc_2023,512,1024,0.99988164226865706,100.0
Math,skywork,Base,amc_2023,1024,1024,1,100.0
Math,skywork,Step 140,aime_2024,1,1024,0.34934895833333335,34.9
Math,skywork,Step 140,aime_2024,2,1024,0.45481357170495279,45.5
Math,skywork,Step 140,aime_2024,4,1024,0.5609212216564905,56.1
Math,skywork,Step 140,aime_2024,8,1024,0.65120564014794757,65.1
Math,skywork,Step 140,aime_2024,16,1024,0.71477764347013195,71.5
Math,skywork,Step 140,aime_2024,32,1024,0.75326703360719116,75.3
Math,skywork,Step 140,aime_2024,64,1024,0.7736690506820606,77.4
Math,skywork,Step 140,aime_2024,128,1024,0.7881927593507938,78.8
Math,skywork,Step 140,aime_2024,256,1024,0.80523201432584413,80.5
Math,skywork,Step 140,aime_2024,512,1024,0.82502443791794411,82.5
Math,skywork,Step 140,aime_2024,1024,1024,0.83333333333333337,83.3
Math,skywork,Step 140,aime_2025,1,1024,0.27649739583333333,27.6
Math,skywork,Step 140,aime_2025,2,1024,0.3283121665241121,32.8
Math,skywork,Step 140,aime_2025,4,1024,0.37182681054083389,37.2
Math,skywork,Step 140,aime_2025,8,1024,0.41477100213446971,41.5
Math,skywork,Step 140,aime_2025,16,1024,0.45967200134458458,46.0
Math,skywork,Step 140,aime_2025,32,1024,0.50425626240257326,50.4
Math,skywork,Step 140,aime_2025,64,1024,0.54639858383808648,54.6
Math,skywork,Step 140,aime_2025,128,1024,0.58908504571018949,58.9
Math,skywork,Step 140,aime_2025,256,1024,0.63029435506611819,63.0
Math,skywork,Step 140,aime_2025,512,1024,0.66647802880789409,66.6
Math,skywork,Step 140,aime_2025,1024,1024,0.69999999999999996,70.0
Math,skywork,Step 140,aime_2026,1,1024,0.24677734374999999,24.7
Math,skywork,Step 140,aime_2026,2,1024,0.33129722120397526,33.1
Math,skywork,Step 140,aime_2026,4,1024,0.41392397204455805,41.4
Math,skywork,Step 140,aime_2026,8,1024,0.49478974569398032,49.5
Math,skywork,Step 140,aime_2026,16,1024,0.57693130537769011,57.7
Math,skywork,Step 140,aime_2026,32,1024,0.64413305131828102,64.4
Math,skywork,Step 140,aime_2026,64,1024,0.68590501968994633,68.6
Math,skywork,Step 140,aime_2026,128,1024,0.71754963275095274,71.8
Math,skywork,Step 140,aime_2026,256,1024,0.74473427660280023,74.5
Math,skywork,Step 140,aime_2026,512,1024,0.76652272047132441,76.7
Math,skywork,Step 140,aime_2026,1024,1024,0.80000000000000004,80.0
Math,skywork,Step 140,amc_2023,1,1024,0.72854003906249998,72.9
Math,skywork,Step 140,amc_2023,2,1024,0.82367786992913006,82.4
Math,skywork,Step 140,amc_2023,4,1024,0.89852285987797709,89.9
Math,skywork,Step 140,amc_2023,8,1024,0.93748812812746374,93.7
Math,skywork,Step 140,amc_2023,16,1024,0.94901168375806622,94.9
Math,skywork,Step 140,amc_2023,32,1024,0.95075584031052141,95.1
Math,skywork,Step 140,amc_2023,64,1024,0.95156249088455269,95.2
Math,skywork,Step 140,amc_2023,128,1024,0.95312499999999944,95.3
Math,skywork,Step 140,amc_2023,256,1024,0.95625000000000004,95.6
Math,skywork,Step 140,amc_2023,512,1024,0.96250000000000002,96.2
Math,skywork,Step 140,amc_2023,1024,1024,0.97499999999999998,97.5
Math,skywork,Step 20,aime_2024,1,1024,0.31787109375,31.8
Math,skywork,Step 20,aime_2024,2,1024,0.43005145965705444,43.0
Math,skywork,Step 20,aime_2024,4,1024,0.5407805918094778,54.1
Math,skywork,Step 20,aime_2024,8,1024,0.63923632203034519,63.9
Math,skywork,Step 20,aime_2024,16,1024,0.71496156087823537,71.5
Math,skywork,Step 20,aime_2024,32,1024,0.76660782857006182,76.7
Math,skywork,Step 20,aime_2024,64,1024,0.79736466920469717,79.7
Math,skywork,Step 20,aime_2024,128,1024,0.81265415780353134,81.3
Math,skywork,Step 20,aime_2024,256,1024,0.82279004155806124,82.3
Math,skywork,Step 20,aime_2024,512,1024,0.83126221262131295,83.1
Math,skywork,Step 20,aime_2024,1024,1024,0.83333333333333337,83.3
Math,skywork,Step 20,aime_2025,1,1024,0.24684244791666668,24.7
Math,skywork,Step 20,aime_2025,2,1024,0.30539059954382536,30.5
Math,skywork,Step 20,aime_2025,4,1024,0.35952569689259256,36.0
Math,skywork,Step 20,aime_2025,8,1024,0.41732988072221433,41.7
Math,skywork,Step 20,aime_2025,16,1024,0.47758761115633269,47.8
Math,skywork,Step 20,aime_2025,32,1024,0.53373038159047714,53.4
Math,skywork,Step 20,aime_2025,64,1024,0.58590781914298418,58.6
Math,skywork,Step 20,aime_2025,128,1024,0.63744842784426481,63.7
Math,skywork,Step 20,aime_2025,256,1024,0.69078772153866308,69.1
Math,skywork,Step 20,aime_2025,512,1024,0.73604426156624347,73.6
Math,skywork,Step 20,aime_2025,1024,1024,0.76666666666666672,76.7
Math,skywork,Step 20,aime_2026,1,1024,0.22626953124999999,22.6
Math,skywork,Step 20,aime_2026,2,1024,0.31124361050016291,31.1
Math,skywork,Step 20,aime_2026,4,1024,0.39715748744395613,39.7
Math,skywork,Step 20,aime_2026,8,1024,0.4788057257218658,47.9
Math,skywork,Step 20,aime_2026,16,1024,0.55882324470028377,55.9
Math,skywork,Step 20,aime_2026,32,1024,0.63626328920983055,63.6
Math,skywork,Step 20,aime_2026,64,1024,0.70256743131415278,70.3
Math,skywork,Step 20,aime_2026,128,1024,0.756271270183418,75.6
Math,skywork,Step 20,aime_2026,256,1024,0.79876929496780069,79.9
Math,skywork,Step 20,aime_2026,512,1024,0.83326383825448547,83.3
Math,skywork,Step 20,aime_2026,1024,1024,0.8666666666666667,86.7
Math,skywork,Step 20,amc_2023,1,1024,0.733154296875,73.3
Math,skywork,Step 20,amc_2023,2,1024,0.83285316623900296,83.3
Math,skywork,Step 20,amc_2023,4,1024,0.90318824180189283,90.3
Math,skywork,Step 20,amc_2023,8,1024,0.93988149037263047,94.0
Math,skywork,Step 20,amc_2023,16,1024,0.95500617335313165,95.5
Math,skywork,Step 20,amc_2023,32,1024,0.96299606417117523,96.3
Math,skywork,Step 20,amc_2023,64,1024,0.97297430482189451,97.3
Math,skywork,Step 20,amc_2023,128,1024,0.98598597878467265,98.6
Math,skywork,Step 20,amc_2023,256,1024,0.99675767559887252,99.7
Math,skywork,Step 20,amc_2023,512,1024,0.99992951776978434,100.0
Math,skywork,Step 20,amc_2023,1024,1024,1,100.0
Math,skywork,Step 200,aime_2024,1,1024,0.35250651041666664,35.3
Math,skywork,Step 200,aime_2024,2,1024,0.46302929751140437,46.3
Math,skywork,Step 200,aime_2024,4,1024,0.5723265174604506,57.2
Math,skywork,Step 200,aime_2024,8,1024,0.66085988063624324,66.1
Math,skywork,Step 200,aime_2024,16,1024,0.71633988664836445,71.6
Math,skywork,Step 200,aime_2024,32,1024,0.747456077413863,74.7
Math,skywork,Step 200,aime_2024,64,1024,0.76749410245010663,76.7
Math,skywork,Step 200,aime_2024,128,1024,0.78802692543340902,78.8
Math,skywork,Step 200,aime_2024,256,1024,0.81196621862356788,81.2
Math,skywork,Step 200,aime_2024,512,1024,0.83960277552960016,84.0
Math,skywork,Step 200,aime_2024,1024,1024,0.8666666666666667,86.7
Math,skywork,Step 200,aime_2025,1,1024,0.27656249999999999,27.7
Math,skywork,Step 200,aime_2025,2,1024,0.32618740326653634,32.6
Math,skywork,Step 200,aime_2025,4,1024,0.36801761588058363,36.8
Math,skywork,Step 200,aime_2025,8,1024,0.409609269049934,41.0
Math,skywork,Step 200,aime_2025,16,1024,0.45382572918662439,45.4
Math,skywork,Step 200,aime_2025,32,1024,0.50104487666890241,50.1
Math,skywork,Step 200,aime_2025,64,1024,0.55050063090672097,55.1
Math,skywork,Step 200,aime_2025,128,1024,0.60066453119153551,60.1
Math,skywork,Step 200,aime_2025,256,1024,0.64782795450472808,64.8
Math,skywork,Step 200,aime_2025,512,1024,0.68545174564015987,68.5
Math,skywork,Step 200,aime_2025,1024,1024,0.69999999999999996,70.0
Math,skywork,Step 200,aime_2026,1,1024,0.23961588541666667,24.0
Math,skywork,Step 200,aime_2026,2,1024,0.32298794395568592,32.3
Math,skywork,Step 200,aime_2026,4,1024,0.4050930979262668,40.5
Math,skywork,Step 200,aime_2026,8,1024,0.48745509071870474,48.7
Math,skywork,Step 200,aime_2026,16,1024,0.56971656765607637,57.0
Math,skywork,Step 200,aime_2026,32,1024,0.63677170812377548,63.7
Math,skywork,Step 200,aime_2026,64,1024,0.68034353220756982,68.0
Math,skywork,Step 200,aime_2026,128,1024,0.71439931408646273,71.4
Math,skywork,Step 200,aime_2026,256,1024,0.75033783480940197,75.0
Math,skywork,Step 200,aime_2026,512,1024,0.79581349582580618,79.6
Math,skywork,Step 200,aime_2026,1024,1024,0.8666666666666667,86.7
Math,skywork,Step 200,amc_2023,1,1024,0.74113769531249996,74.1
Math,skywork,Step 200,amc_2023,2,1024,0.83428283273765891,83.4
Math,skywork,Step 200,amc_2023,4,1024,0.90502148789030123,90.5
Math,skywork,Step 200,amc_2023,8,1024,0.94024259630548412,94.0
Math,skywork,Step 200,amc_2023,16,1024,0.94956614722545063,95.0
Math,skywork,Step 200,amc_2023,32,1024,0.95077248061546926,95.1
Math,skywork,Step 200,amc_2023,64,1024,0.95156249893838052,95.2
Math,skywork,Step 200,amc_2023,128,1024,0.953125,95.3
Math,skywork,Step 200,amc_2023,256,1024,0.95625000000000004,95.6
Math,skywork,Step 200,amc_2023,512,1024,0.96250000000000002,96.2
Math,skywork,Step 200,amc_2023,1024,1024,0.97499999999999998,97.5
Math,skywork,Step 260,aime_2024,1,1024,0.36357421875000001,36.4
Math,skywork,Step 260,aime_2024,2,1024,0.47236522228331707,47.2
Math,skywork,Step 260,aime_2024,4,1024,0.57895116958825577,57.9
Math,skywork,Step 260,aime_2024,8,1024,0.66561301913179605,66.6
Math,skywork,Step 260,aime_2024,16,1024,0.72302646197332932,72.3
Math,skywork,Step 260,aime_2024,32,1024,0.75631484636994706,75.6
Math,skywork,Step 260,aime_2024,64,1024,0.77459129472046628,77.5
Math,skywork,Step 260,aime_2024,128,1024,0.78848138410812563,78.8
Math,skywork,Step 260,aime_2024,256,1024,0.80613886412886493,80.6
Math,skywork,Step 260,aime_2024,512,1024,0.83126221297890912,83.1
Math,skywork,Step 260,aime_2024,1024,1024,0.8666666666666667,86.7
Math,skywork,Step 260,aime_2025,1,1024,0.28460286458333334,28.5
Math,skywork,Step 260,aime_2025,2,1024,0.33393957213261649,33.4
Math,skywork,Step 260,aime_2025,4,1024,0.37709998809845391,37.7
Math,skywork,Step 260,aime_2025,8,1024,0.41995816696781935,42.0
Math,skywork,Step 260,aime_2025,16,1024,0.46388443281210801,46.4
Math,skywork,Step 260,aime_2025,32,1024,0.5075484213250715,50.8
Math,skywork,Step 260,aime_2025,64,1024,0.55144114273600608,55.1
Math,skywork,Step 260,aime_2025,128,1024,0.60045848061295026,60.0
Math,skywork,Step 260,aime_2025,256,1024,0.64695154460187132,64.7
Math,skywork,Step 260,aime_2025,512,1024,0.67892083710783724,67.9
Math,skywork,Step 260,aime_2025,1024,1024,0.69999999999999996,70.0
Math,skywork,Step 260,aime_2026,1,1024,0.25930989583333336,25.9
Math,skywork,Step 260,aime_2026,2,1024,0.34459056288693385,34.5
Math,skywork,Step 260,aime_2026,4,1024,0.42501478139127857,42.5
Math,skywork,Step 260,aime_2026,8,1024,0.50396235603046047,50.4
Math,skywork,Step 260,aime_2026,16,1024,0.58226494704536003,58.2
Math,skywork,Step 260,aime_2026,32,1024,0.64255405622923556,64.3
Math,skywork,Step 260,aime_2026,64,1024,0.68045333248353812,68.0
Math,skywork,Step 260,aime_2026,128,1024,0.71375409609674367,71.4
Math,skywork,Step 260,aime_2026,256,1024,0.74779318642773884,74.8
Math,skywork,Step 260,aime_2026,512,1024,0.77472366507069812,77.5
Math,skywork,Step 260,aime_2026,1024,1024,0.80000000000000004,80.0
Math,skywork,Step 260,amc_2023,1,1024,0.75961914062500002,76.0
Math,skywork,Step 260,amc_2023,2,1024,0.85245796867363144,85.2
Math,skywork,Step 260,amc_2023,4,1024,0.91577937138467858,91.6
Math,skywork,Step 260,amc_2023,8,1024,0.94330620080595684,94.3
Math,skywork,Step 260,amc_2023,16,1024,0.95140076543401297,95.1
Math,skywork,Step 260,amc_2023,32,1024,0.95432966726594337,95.4
Math,skywork,Step 260,amc_2023,64,1024,0.95804326834069375,95.8
Math,skywork,Step 260,amc_2023,128,1024,0.96380366186914201,96.4
Math,skywork,Step 260,amc_2023,256,1024,0.9705723007901359,97.1
Math,skywork,Step 260,amc_2023,512,1024,0.97461508581530298,97.5
Math,skywork,Step 260,amc_2023,1024,1024,0.97499999999999998,97.5
Math,skywork,Step 80,aime_2024,1,1024,0.32093098958333333,32.1
Math,skywork,Step 80,aime_2024,2,1024,0.42474944760101013,42.5
Math,skywork,Step 80,aime_2024,4,1024,0.52793320479527595,52.8
Math,skywork,Step 80,aime_2024,8,1024,0.61998245149303877,62.0
Math,skywork,Step 80,aime_2024,16,1024,0.69469293371761198,69.5
Math,skywork,Step 80,aime_2024,32,1024,0.74927106422741629,74.9
Math,skywork,Step 80,aime_2024,64,1024,0.78515095270185387,78.5
Math,skywork,Step 80,aime_2024,128,1024,0.81175727910026974,81.2
Math,skywork,Step 80,aime_2024,256,1024,0.8388260920115389,83.9
Math,skywork,Step 80,aime_2024,512,1024,0.86096750088482188,86.1
Math,skywork,Step 80,aime_2024,1024,1024,0.8666666666666667,86.7
Math,skywork,Step 80,aime_2025,1,1024,0.26223958333333336,26.2
Math,skywork,Step 80,aime_2025,2,1024,0.31780226661779082,31.8
Math,skywork,Step 80,aime_2025,4,1024,0.3639326041617994,36.4
Math,skywork,Step 80,aime_2025,8,1024,0.40742870911087503,40.7
Math,skywork,Step 80,aime_2025,16,1024,0.45291655311218931,45.3
Math,skywork,Step 80,aime_2025,32,1024,0.49901647369654001,49.9
Math,skywork,Step 80,aime_2025,64,1024,0.54467282122130933,54.5
Math,skywork,Step 80,aime_2025,128,1024,0.59135391315786401,59.1
Math,skywork,Step 80,aime_2025,256,1024,0.63907249638714314,63.9
Math,skywork,Step 80,aime_2025,512,1024,0.67653473154839783,67.7
Math,skywork,Step 80,aime_2025,1024,1024,0.69999999999999996,70.0
Math,skywork,Step 80,aime_2026,1,1024,0.23704427083333332,23.7
Math,skywork,Step 80,aime_2026,2,1024,0.31469209483952426,31.5
Math,skywork,Step 80,aime_2026,4,1024,0.38757005739178091,38.8
Math,skywork,Step 80,aime_2026,8,1024,0.45595152895152857,45.6
Math,skywork,Step 80,aime_2026,16,1024,0.53166957087963929,53.2
Math,skywork,Step 80,aime_2026,32,1024,0.6066690230983377,60.7
Math,skywork,Step 80,aime_2026,64,1024,0.66273156016073442,66.3
Math,skywork,Step 80,aime_2026,128,1024,0.7065547784230426,70.7
Math,skywork,Step 80,aime_2026,256,1024,0.74360549930126429,74.4
Math,skywork,Step 80,aime_2026,512,1024,0.76227615575315721,76.2
Math,skywork,Step 80,aime_2026,1024,1024,0.76666666666666672,76.7
Math,skywork,Step 80,amc_2023,1,1024,0.68259277343750002,68.3
Math,skywork,Step 80,amc_2023,2,1024,0.77362498472629526,77.4
Math,skywork,Step 80,amc_2023,4,1024,0.85327489612079599,85.3
Math,skywork,Step 80,amc_2023,8,1024,0.90561593574593036,90.6
Math,skywork,Step 80,amc_2023,16,1024,0.9290803227970722,92.9
Math,skywork,Step 80,amc_2023,32,1024,0.94016389004668799,94.0
Math,skywork,Step 80,amc_2023,64,1024,0.94845076268576611,94.8
Math,skywork,Step 80,amc_2023,128,1024,0.95512056374375265,95.5
Math,skywork,Step 80,amc_2023,256,1024,0.96092941501430718,96.1
Math,skywork,Step 80,amc_2023,512,1024,0.96875610921289435,96.9
Math,skywork,Step 80,amc_2023,1024,1024,0.97499999999999998,97.5
