scorer,source,problem_uid,dataset,n_trajectories,ppl
Base,random_base,aime_2024:62,aime_2024,32,1.5576092215690267
Base,random_base,aime_2024:71,aime_2024,32,1.566928679360139
Base,random_base,aime_2024:74,aime_2024,32,1.344501761837556
Base,random_base,aime_2024:80,aime_2024,32,1.2682525941943077
Base,random_base,aime_2025:2,aime_2025,32,1.3932966717250188
Base,random_base,aime_2025:24,aime_2025,32,1.417727419775758
Base,random_base,aime_2025:4,aime_2025,32,1.3909242582768093
Base,random_base,aime_2025:7,aime_2025,32,1.604580407363011
Base,random_base,aime_2026:13,aime_2026,32,1.3450411881233992
Base,random_base,aime_2026:14,aime_2026,32,1.3253610569401755
Base,random_base,aime_2026:28,aime_2026,32,1.5567955104190487
Base,random_base,aime_2026:3,aime_2026,32,1.359151847469491
Base,random_base,amc_2023:1,amc_2023,32,1.2096870819377947
Base,random_base,amc_2023:28,amc_2023,32,1.234775209784402
Base,random_base,amc_2023:33,amc_2023,32,1.239450852385956
Base,random_base,amc_2023:44,amc_2023,32,1.2970709959000375
Base,random_opd,aime_2024:62,aime_2024,32,1.1984450855931827
Base,random_opd,aime_2024:71,aime_2024,32,1.4001185455683727
Base,random_opd,aime_2024:74,aime_2024,32,1.2918702325679625
Base,random_opd,aime_2024:80,aime_2024,32,1.266861969825718
Base,random_opd,aime_2025:2,aime_2025,32,1.3072229160119357
Base,random_opd,aime_2025:24,aime_2025,32,1.3021962517195576
Base,random_opd,aime_2025:4,aime_2025,32,1.2795792325323592
Base,random_opd,aime_2025:7,aime_2025,32,1.3989597109978271
Base,random_opd,aime_2026:13,aime_2026,32,1.2837995625624354
Base,random_opd,aime_2026:14,aime_2026,32,1.290234971922243
Base,random_opd,aime_2026:28,aime_2026,32,1.3042609918598964
Base,random_opd,aime_2026:3,aime_2026,32,1.2895401525124786
Base,random_opd,amc_2023:1,amc_2023,32,1.2194182055700773
Base,random_opd,amc_2023:28,amc_2023,32,1.212749707398606
Base,random_opd,amc_2023:33,amc_2023,32,1.2507690606882826
Base,random_opd,amc_2023:44,amc_2023,32,1.2516150086986078
Base,random_teacher,aime_2024:62,aime_2024,32,1.698475086960234
Base,random_teacher,aime_2024:71,aime_2024,32,1.54575731947526
Base,random_teacher,aime_2024:74,aime_2024,32,1.3645492989395658
Base,random_teacher,aime_2024:80,aime_2024,32,1.4184226029642346
Base,random_teacher,aime_2025:2,aime_2025,32,1.4528789379502138
Base,random_teacher,aime_2025:24,aime_2025,32,1.4026962249494779
Base,random_teacher,aime_2025:4,aime_2025,32,1.3644695938625693
Base,random_teacher,aime_2025:7,aime_2025,32,1.7527120500321374
Base,random_teacher,aime_2026:13,aime_2026,32,1.4217516529838603
Base,random_teacher,aime_2026:14,aime_2026,32,1.438561785166761
Base,random_teacher,aime_2026:28,aime_2026,32,1.7098454363856421
Base,random_teacher,aime_2026:3,aime_2026,32,1.376064821811469
Base,random_teacher,amc_2023:1,amc_2023,32,1.2486263605797987
Base,random_teacher,amc_2023:28,amc_2023,32,1.2664433376740685
Base,random_teacher,amc_2023:33,amc_2023,32,1.2996942896195571
Base,random_teacher,amc_2023:44,amc_2023,32,1.3019928233911113
Teacher,random_base,aime_2024:62,aime_2024,32,2.012658654974474
Teacher,random_base,aime_2024:71,aime_2024,32,2.10582785861611
Teacher,random_base,aime_2024:74,aime_2024,32,1.6139903602237022
Teacher,random_base,aime_2024:80,aime_2024,32,1.4448220727338037
Teacher,random_base,aime_2025:2,aime_2025,32,1.7593689822288014
Teacher,random_base,aime_2025:24,aime_2025,32,1.7636534405959405
Teacher,random_base,aime_2025:4,aime_2025,32,1.718004713570014
Teacher,random_base,aime_2025:7,aime_2025,32,2.0842417407413114
Teacher,random_base,aime_2026:13,aime_2026,32,1.6132094602047047
Teacher,random_base,aime_2026:14,aime_2026,32,1.6013405100286013
Teacher,random_base,aime_2026:28,aime_2026,32,2.0313598220612548
Teacher,random_base,aime_2026:3,aime_2026,32,1.678409357145813
Teacher,random_base,amc_2023:1,amc_2023,32,1.3106505837956015
Teacher,random_base,amc_2023:28,amc_2023,32,1.3740558855215441
Teacher,random_base,amc_2023:33,amc_2023,32,1.4294395631553987
Teacher,random_base,amc_2023:44,amc_2023,32,1.5363269776601958
Teacher,random_opd,aime_2024:62,aime_2024,32,1.2716363483355526
Teacher,random_opd,aime_2024:71,aime_2024,32,1.6259895826555457
Teacher,random_opd,aime_2024:74,aime_2024,32,1.4086918925759195
Teacher,random_opd,aime_2024:80,aime_2024,32,1.3509749151452302
Teacher,random_opd,aime_2025:2,aime_2025,32,1.434671321204348
Teacher,random_opd,aime_2025:24,aime_2025,32,1.4117538029523664
Teacher,random_opd,aime_2025:4,aime_2025,32,1.345707471093883
Teacher,random_opd,aime_2025:7,aime_2025,32,1.557840725798142
Teacher,random_opd,aime_2026:13,aime_2026,32,1.3871539022344932
Teacher,random_opd,aime_2026:14,aime_2026,32,1.417978824602486
Teacher,random_opd,aime_2026:28,aime_2026,32,1.4448254187277394
Teacher,random_opd,aime_2026:3,aime_2026,32,1.4190236969381114
Teacher,random_opd,amc_2023:1,amc_2023,32,1.2479278193027512
Teacher,random_opd,amc_2023:28,amc_2023,32,1.2787898135905789
Teacher,random_opd,amc_2023:33,amc_2023,32,1.3392189992583754
Teacher,random_opd,amc_2023:44,amc_2023,32,1.3659727450200194
