file,sha256
analysis/compute_tas_at_k.py,9173f16ba167482b6268b6ab7774438924ce123123f3dbf32224a64209989f26
paper_results/data/capacity_curves.csv,7fcf7f8b4a12e2cb5eae568c87bc71764c0d3fddfd1e293d83d2f624dd51add2
paper_results/data/case_study_excerpt.csv,7c38ffc8ef2381cc65410055da38f3b109e830ecaff949792970ec9db82bbbbc
paper_results/data/coverage.csv,c2858f290b40649ecba9b8a4d7f5cd673290e38403866e08d893433c2dfd7188
paper_results/data/figure_decomposition.csv,487e4537547d724ad7013c6ee68d95e3f1f1a9dae67a510c6ef2b0edc13038b9
paper_results/data/main_training_configurations.csv,4616cfb487601ad1479999fbae01d20b7fcfb44a0ad3361e056df92b4da2ad24
paper_results/data/opd_method_variants.csv,2e384f224f57dfb5a7df643b9ff54995d32b9a75c8eeb24b370d78d7d52b5de6
paper_results/data/opd_settings.csv,9231146dcf10b43b966222fcc25de7de9cc2758e31e957c7ca668112e126228d
paper_results/data/opd_variant_hyperparameters.csv,07a23eaba4e8a4965000daa6ff128c04bdc802236c17fe977676264be35754c2
paper_results/data/pass1_overview.csv,4ce3a7a83ad07edfe5f0a98222d886cdc44eaf2185836413a4fe78b01ce9592b
paper_results/data/tas_at_k_summary.csv,f706c11e754a5e7ef5d98d599895b5dac3afd0e7871d7fef2dd792fb90c080e1
paper_results/data/training_dynamics.csv,2e1fc48d85a5149e9aaa9464ddd06dba4bcf2d086cd8fdc3361b6379f9b09d38
paper_results/data/trajectory_perplexity.csv,2711acf6c11130e79bf836af66c326a6b2b2fb0abedf8eddc9b8e4635e15e123
